date,centre_id,crop_id,capacity,bookings,arrivals,quantity,no_show_rate
2024-01-01,1,1,40,29,26,324.942,0.1088
2024-01-02,1,1,40,22,19,217.986,0.1342
2024-01-03,1,1,40,20,18,194.003,0.0913
2024-01-04,1,1,40,24,21,215.224,0.1301
2024-01-05,1,1,40,20,18,135.395,0.1134
2024-01-06,1,1,35,26,23,262.253,0.1103
2024-01-07,1,1,35,7,7,79.12,0.0338
2024-01-08,1,1,40,20,19,192.362,0.0574
2024-01-09,1,1,40,32,30,289.491,0.0761
2024-01-10,1,1,40,16,15,131.83,0.0502
2024-01-11,1,1,40,23,20,289.404,0.1514
2024-01-12,1,1,40,23,21,232.316,0.0915
2024-01-13,1,1,35,18,16,193.37,0.0964
2024-01-14,1,1,35,20,19,192.62,0.0373
2024-01-15,1,1,40,31,28,356.85,0.0948
2024-01-16,1,1,40,22,20,223.039,0.0898
2024-01-17,1,1,40,29,29,252.715,0.0138
2024-01-18,1,1,40,32,29,278.178,0.0783
2024-01-19,1,1,40,18,16,192.123,0.1097
2024-01-20,1,1,35,24,21,275.785,0.127
2024-01-21,1,1,35,21,19,249.992,0.1112
2024-01-22,1,1,40,31,27,314.93,0.1209
2024-01-23,1,1,40,31,29,266.275,0.0764
2024-01-24,1,1,40,25,24,299.365,0.0458
2024-01-25,1,1,40,27,24,224.87,0.1217
2024-01-26,1,1,40,23,22,267.564,0.0571
2024-01-27,1,1,35,22,20,219.651,0.0964
2024-01-28,1,1,35,19,17,187.395,0.1093
2024-01-29,1,1,40,22,20,169.187,0.0928
2024-01-30,1,1,40,25,23,266.934,0.0638
2024-01-31,1,1,40,22,20,211.189,0.0717
2024-02-01,1,1,40,24,22,289.649,0.0917
2024-02-02,1,1,40,24,22,248.747,0.0945
2024-02-03,1,1,35,16,15,187.905,0.0649
2024-02-04,1,1,35,20,17,112.745,0.1252
2024-02-05,1,1,40,21,19,194.18,0.0805
2024-02-06,1,1,40,26,25,285.353,0.0573
2024-02-07,1,1,40,34,31,284.355,0.0889
2024-02-08,1,1,40,25,23,224.395,0.0737
2024-02-09,1,1,40,30,28,275.037,0.0623
2024-02-10,1,1,35,24,22,210.477,0.1015
2024-02-11,1,1,35,31,28,225.947,0.0874
2024-02-12,1,1,40,27,24,214.962,0.0979
2024-02-13,1,1,40,21,19,254.171,0.1023
2024-02-14,1,1,40,28,26,259.548,0.0812
2024-02-15,1,1,40,26,23,292.226,0.1083
2024-02-16,1,1,40,23,21,249.022,0.0881
2024-02-17,1,1,35,24,22,211.298,0.0723
2024-02-18,1,1,35,25,23,235.659,0.0841
2024-02-19,1,1,40,18,16,235.667,0.1056
2024-02-20,1,1,40,31,28,429.34,0.0937
2024-02-21,1,1,40,30,27,324.675,0.1087
2024-02-22,1,1,40,27,25,344.883,0.0775
2024-02-23,1,1,40,24,23,211.26,0.0394
2024-02-24,1,1,35,29,26,321.934,0.0866
2024-02-25,1,1,35,23,20,188.428,0.1175
2024-02-26,1,1,40,31,27,298.671,0.1209
2024-02-27,1,1,40,29,27,300.829,0.0785
2024-02-28,1,1,40,22,20,159.917,0.0713
2024-02-29,1,1,40,27,24,278.192,0.0929
2024-03-01,1,1,40,32,29,327.539,0.0865
2024-03-02,1,1,35,32,30,299.645,0.0696
2024-03-03,1,1,35,25,22,185.959,0.103
2024-03-04,1,1,40,28,26,227.383,0.0878
2024-03-05,1,1,40,32,29,303.157,0.0849
2024-03-06,1,1,40,30,28,337.058,0.0789
2024-03-07,1,1,40,30,29,355.865,0.049
2024-03-08,1,1,40,24,22,180.301,0.1029
2024-03-09,1,1,35,27,26,282.176,0.0347
2024-03-10,1,1,35,22,20,218.018,0.0684
2024-03-11,1,1,40,33,30,170.702,0.0786
2024-03-12,1,1,40,32,29,433.809,0.1055
2024-03-13,1,1,40,29,26,286.746,0.1059
2024-03-14,1,1,40,24,22,223.421,0.0851
2024-03-15,1,1,40,29,26,302.191,0.0946
2024-03-16,1,1,35,25,22,221.376,0.1099
2024-03-17,1,1,35,30,28,320.761,0.0785
2024-03-18,1,1,40,31,28,354.858,0.105
2024-03-19,1,1,40,32,29,316.316,0.1038
2024-03-20,1,1,40,27,24,279.175,0.1246
2024-03-21,1,1,40,40,37,486.719,0.0822
2024-03-22,1,1,40,28,25,295.957,0.1156
2024-03-23,1,1,35,25,22,240.741,0.1187
2024-03-24,1,1,35,25,23,246.864,0.0947
2024-03-25,1,1,40,28,26,235.89,0.0717
2024-03-26,1,1,40,34,32,344.583,0.0539
2024-03-27,1,1,40,22,20,226.285,0.0979
2024-03-28,1,1,40,21,20,229.597,0.0618
2024-03-29,1,1,40,25,23,205.58,0.0753
2024-03-30,1,1,35,21,19,209.7,0.089
2024-03-31,1,1,35,31,27,305.311,0.1328
2024-04-01,1,1,40,31,28,346.574,0.085
2024-04-02,1,1,40,25,23,212.096,0.0888
2024-04-03,1,1,40,30,27,363.712,0.0982
2024-04-04,1,1,40,23,20,196.057,0.1295
2024-04-05,1,1,40,20,17,231.586,0.1535
2024-04-06,1,1,35,22,20,256.809,0.1035
2024-04-07,1,1,35,24,22,219.843,0.0947
2024-04-08,1,1,40,31,28,310.407,0.1013
2024-04-09,1,1,40,35,32,322.376,0.0722
2024-04-10,1,1,40,18,17,220.744,0.0648
2024-04-11,1,1,40,29,25,295.615,0.1419
2024-04-12,1,1,40,31,28,294.585,0.0818
2024-04-13,1,1,35,31,27,258.875,0.1187
2024-04-14,1,1,35,26,22,236.289,0.1388
2024-04-15,1,1,40,37,33,387.236,0.0962
2024-04-16,1,1,40,28,26,269.174,0.0667
2024-04-17,1,1,40,38,34,541.809,0.1076
2024-04-18,1,1,40,27,23,261.739,0.1333
2024-04-19,1,1,40,23,20,227.347,0.1156
2024-04-20,1,1,35,30,27,336.067,0.1007
2024-04-21,1,1,35,21,19,234.013,0.0845
2024-04-22,1,1,40,21,20,197.866,0.0687
2024-04-23,1,1,40,30,28,236.755,0.0661
2024-04-24,1,1,40,34,32,334.119,0.0727
2024-04-25,1,1,40,23,21,235.881,0.0758
2024-04-26,1,1,40,26,24,308.177,0.0695
2024-04-27,1,1,35,40,36,413.959,0.0882
2024-04-28,1,1,35,20,18,240.919,0.1245
2024-04-29,1,1,40,31,27,344.568,0.1297
2024-04-30,1,1,40,23,21,240.41,0.0708
2024-05-01,1,1,40,31,28,292.983,0.0962
2024-05-02,1,1,40,30,27,310.515,0.0995
2024-05-03,1,1,40,31,27,301.89,0.1157
2024-05-04,1,1,35,19,17,212.928,0.1124
2024-05-05,1,1,35,23,21,282.304,0.0755
2024-05-06,1,1,40,35,33,274.465,0.0507
2024-05-07,1,1,40,25,23,254.793,0.0815
2024-05-08,1,1,40,27,24,248.043,0.127
2024-05-09,1,1,40,33,28,262.354,0.1409
2024-05-10,1,1,40,19,18,189.2,0.0744
2024-05-11,1,1,35,22,21,244.952,0.0646
2024-05-12,1,1,35,26,24,244.801,0.0749
2024-05-13,1,1,40,27,25,221.139,0.0568
2024-05-14,1,1,40,20,17,240.099,0.1331
2024-05-15,1,1,40,24,22,218.96,0.0811
2024-05-16,1,1,40,22,20,182.733,0.0779
2024-05-17,1,1,40,23,21,286.47,0.0876
2024-05-18,1,1,35,21,20,211.602,0.0543
2024-05-19,1,1,35,17,15,166.947,0.1219
2024-05-20,1,1,40,32,30,368.566,0.0692
2024-05-21,1,1,40,25,23,295.915,0.0944
2024-05-22,1,1,40,21,19,238.535,0.0837
2024-05-23,1,1,40,22,21,153.189,0.0562
2024-05-24,1,1,40,29,25,364.076,0.1233
2024-05-25,1,1,35,25,22,191.212,0.112
2024-05-26,1,1,35,24,23,232.461,0.053
2024-05-27,1,1,40,34,31,307.196,0.0886
2024-05-28,1,1,40,36,34,288.103,0.0657
2024-05-29,1,1,40,27,24,283.986,0.1192
2024-05-30,1,1,40,19,17,181.672,0.1013
2024-05-31,1,1,40,17,16,135.179,0.0851
2024-06-01,1,1,35,19,17,202.787,0.0871
2024-06-02,1,1,35,31,28,267.95,0.0882
2024-06-03,1,1,40,41,39,423.82,0.0516
2024-06-04,1,1,40,23,22,234.105,0.06
2024-06-05,1,1,40,21,19,226.138,0.0765
2024-06-06,1,1,40,23,22,203.437,0.0299
2024-06-07,1,1,40,22,20,262.594,0.1048
2024-06-08,1,1,35,16,14,177.828,0.0966
2024-06-09,1,1,35,26,24,259.058,0.0686
2024-06-10,1,1,40,23,21,212.666,0.0865
2024-06-11,1,1,40,23,22,203.795,0.0577
2024-06-12,1,1,40,19,18,189.452,0.0594
2024-06-13,1,1,40,30,25,223.486,0.1548
2024-06-14,1,1,40,32,30,309.295,0.0751
2024-06-15,1,1,35,21,19,223.777,0.0896
2024-06-16,1,1,35,26,24,308.314,0.0602
2024-06-17,1,1,40,20,18,195.477,0.1088
2024-06-18,1,1,40,24,23,261.084,0.0513
2024-06-19,1,1,40,19,17,225.213,0.0899
2024-06-20,1,1,40,26,23,227.626,0.1072
2024-06-21,1,1,40,20,18,119.214,0.1016
2024-06-22,1,1,35,18,16,151.344,0.1214
2024-06-23,1,1,35,16,15,138.688,0.0887
2024-06-24,1,1,40,23,20,189.378,0.1202
2024-06-25,1,1,40,28,24,307.483,0.1392
2024-06-26,1,1,40,19,18,202.662,0.0659
2024-06-27,1,1,40,26,24,272.299,0.0767
2024-06-28,1,1,40,19,18,177.098,0.0465
2024-06-29,1,1,35,23,20,285.337,0.1243
2024-06-30,1,1,35,31,30,284.213,0.0301
2024-07-01,1,1,40,27,25,179.937,0.0612
2024-07-02,1,1,40,24,21,183.709,0.1456
2024-07-03,1,1,40,26,24,251.893,0.0896
2024-07-04,1,1,40,24,22,273.108,0.0814
2024-07-05,1,1,40,10,10,100.857,0.0445
2024-07-06,1,1,35,20,18,176.919,0.1187
2024-07-07,1,1,35,20,18,190.474,0.0919
2024-07-08,1,1,40,21,20,184.841,0.0561
2024-07-09,1,1,40,16,13,123.025,0.1706
2024-07-10,1,1,40,16,14,144.237,0.1487
2024-07-11,1,1,40,16,15,183.252,0.0843
2024-07-12,1,1,40,33,28,365.317,0.1593
2024-07-13,1,1,35,16,15,188.194,0.0661
2024-07-14,1,1,35,19,18,146.292,0.0761
2024-07-15,1,1,40,22,19,249.043,0.1491
2024-07-16,1,1,40,24,22,241.888,0.0962
2024-07-17,1,1,40,25,22,255.726,0.1049
2024-07-18,1,1,40,12,11,130.14,0.0729
2024-07-19,1,1,40,21,20,167.698,0.0653
2024-07-20,1,1,35,25,22,236.461,0.105
2024-07-21,1,1,35,8,8,73.361,0.0623
2024-07-22,1,1,40,22,19,201.244,0.1156
2024-07-23,1,1,40,23,22,244.908,0.0602
2024-07-24,1,1,40,16,15,132.689,0.0582
2024-07-25,1,1,40,28,25,226.726,0.1228
2024-07-26,1,1,40,17,16,102.817,0.0601
2024-07-27,1,1,35,15,14,145.598,0.0895
2024-07-28,1,1,35,15,13,128.059,0.1069
2024-07-29,1,1,40,26,24,220.839,0.0723
2024-07-30,1,1,40,19,17,147.393,0.0868
2024-07-31,1,1,40,16,15,182.973,0.0899
2024-08-01,1,1,40,16,15,147.161,0.0755
2024-08-02,1,1,40,24,22,226.885,0.089
2024-08-03,1,1,35,24,22,235.748,0.0941
2024-08-04,1,1,35,19,17,187.435,0.0834
2024-08-05,1,1,40,18,16,172.696,0.088
2024-08-06,1,1,40,26,25,290.747,0.0467
2024-08-07,1,1,40,20,18,248.569,0.1171
2024-08-08,1,1,40,19,17,147.584,0.0893
2024-08-09,1,1,40,19,18,174.671,0.0591
2024-08-10,1,1,35,11,10,73.276,0.0948
2024-08-11,1,1,35,10,9,96.449,0.0852
2024-08-12,1,1,40,28,27,225.624,0.0329
2024-08-13,1,1,40,15,13,110.316,0.1375
2024-08-14,1,1,40,22,20,225.256,0.0957
2024-08-15,1,1,40,15,13,110.917,0.1091
2024-08-16,1,1,40,15,13,137.4,0.1346
2024-08-17,1,1,35,17,15,198.886,0.0977
2024-08-18,1,1,35,18,16,164.397,0.0916
2024-08-19,1,1,40,16,15,190.841,0.0892
2024-08-20,1,1,40,18,17,252.375,0.064
2024-08-21,1,1,40,22,20,241.321,0.0981
2024-08-22,1,1,40,15,14,120.72,0.0752
2024-08-23,1,1,40,17,16,164.742,0.0786
2024-08-24,1,1,35,13,12,128.679,0.0769
2024-08-25,1,1,35,12,11,139.504,0.1151
2024-08-26,1,1,40,28,26,163.014,0.0878
2024-08-27,1,1,40,18,16,162.217,0.1007
2024-08-28,1,1,40,16,14,155.077,0.0973
2024-08-29,1,1,40,18,17,162.665,0.0635
2024-08-30,1,1,40,22,20,255.217,0.0717
2024-08-31,1,1,35,13,12,111.665,0.1131
2024-09-01,1,1,35,15,13,143.169,0.1135
2024-09-02,1,1,40,22,21,200.306,0.066
2024-09-03,1,1,40,18,17,242.15,0.0665
2024-09-04,1,1,40,9,8,88.246,0.0927
2024-09-05,1,1,40,17,15,234.575,0.122
2024-09-06,1,1,40,8,7,97.992,0.1543
2024-09-07,1,1,35,19,17,125.571,0.1193
2024-09-08,1,1,35,13,12,111.869,0.0577
2024-09-09,1,1,40,18,16,136.448,0.1241
2024-09-10,1,1,40,21,19,159.454,0.105
2024-09-11,1,1,40,22,20,249.924,0.0724
2024-09-12,1,1,40,17,15,181.945,0.1361
2024-09-13,1,1,40,20,19,203.815,0.0716
2024-09-14,1,1,35,17,15,204.768,0.1117
2024-09-15,1,1,35,10,9,122.383,0.0542
2024-09-16,1,1,40,18,17,170.322,0.0629
2024-09-17,1,1,40,13,12,124.469,0.0776
2024-09-18,1,1,40,13,12,128.686,0.1085
2024-09-19,1,1,40,8,7,77.583,0.1038
2024-09-20,1,1,40,17,16,158.399,0.0834
2024-09-21,1,1,35,14,12,138.179,0.1154
2024-09-22,1,1,35,16,14,129.514,0.0977
2024-09-23,1,1,40,15,14,120.05,0.0568
2024-09-24,1,1,40,20,18,184.1,0.1046
2024-09-25,1,1,40,14,13,146.589,0.0647
2024-09-26,1,1,40,13,13,123.709,0.0381
2024-09-27,1,1,40,11,10,87.533,0.0685
2024-09-28,1,1,35,13,12,142.574,0.0525
2024-09-29,1,1,35,20,18,205.354,0.0805
2024-09-30,1,1,40,21,19,222.835,0.0917
2024-10-01,1,1,40,24,22,232.644,0.0948
2024-10-02,1,1,40,15,14,145.072,0.0997
2024-10-03,1,1,40,15,14,116.585,0.0804
2024-10-04,1,1,40,9,8,79.84,0.0643
2024-10-05,1,1,35,12,11,89.906,0.0996
2024-10-06,1,1,35,22,20,155.569,0.0832
2024-10-07,1,1,40,17,16,149.609,0.0839
2024-10-08,1,1,40,20,19,180.67,0.0708
2024-10-09,1,1,40,18,17,185.114,0.08
2024-10-10,1,1,40,12,11,81.267,0.1146
2024-10-11,1,1,40,16,14,153.872,0.1414
2024-10-12,1,1,35,16,14,154.911,0.1166
2024-10-13,1,1,35,20,18,235.34,0.0963
2024-10-14,1,1,40,20,18,133.176,0.0791
2024-10-15,1,1,40,15,13,135.204,0.1022
2024-10-16,1,1,40,16,15,143.49,0.0756
2024-10-17,1,1,40,13,12,136.716,0.073
2024-10-18,1,1,40,12,10,98.045,0.1326
2024-10-19,1,1,35,18,17,158.361,0.0543
2024-10-20,1,1,35,17,15,207.087,0.1013
2024-10-21,1,1,40,19,18,213.356,0.0787
2024-10-22,1,1,40,19,17,185.908,0.1077
2024-10-23,1,1,40,25,23,284.628,0.0912
2024-10-24,1,1,40,24,21,237.055,0.1166
2024-10-25,1,1,40,6,6,61.502,0.0789
2024-10-26,1,1,35,13,12,142.526,0.0864
2024-10-27,1,1,35,13,12,152.354,0.1046
2024-10-28,1,1,40,16,15,168.746,0.082
2024-10-29,1,1,40,23,22,277.868,0.0459
2024-10-30,1,1,40,20,18,204.532,0.0984
2024-10-31,1,1,40,18,16,215.898,0.1053
2024-11-01,1,1,40,20,18,225.633,0.0824
2024-11-02,1,1,35,14,12,143.595,0.1315
2024-11-03,1,1,35,19,17,161.443,0.0831
2024-11-04,1,1,40,20,18,223.874,0.1203
2024-11-05,1,1,40,17,16,189.53,0.0838
2024-11-06,1,1,40,19,17,183.684,0.1262
2024-11-07,1,1,40,16,14,148.54,0.1233
2024-11-08,1,1,40,19,17,188.849,0.1261
2024-11-09,1,1,35,23,21,244.186,0.077
2024-11-10,1,1,35,25,22,197.084,0.1208
2024-11-11,1,1,40,30,27,273.77,0.0944
2024-11-12,1,1,40,20,19,240.98,0.0723
2024-11-13,1,1,40,17,15,154.723,0.0884
2024-11-14,1,1,40,17,16,201.104,0.0555
2024-11-15,1,1,40,16,14,119.271,0.1197
2024-11-16,1,1,35,16,14,196.634,0.1367
2024-11-17,1,1,35,15,14,167.357,0.0743
2024-11-18,1,1,40,15,14,147.065,0.0935
2024-11-19,1,1,40,23,20,198.681,0.1157
2024-11-20,1,1,40,18,15,143.006,0.1393
2024-11-21,1,1,40,16,15,153.81,0.0818
2024-11-22,1,1,40,18,16,134.264,0.1187
2024-11-23,1,1,35,22,21,209.394,0.051
2024-11-24,1,1,35,12,11,118.477,0.1053
2024-11-25,1,1,40,21,20,235.787,0.0683
2024-11-26,1,1,40,29,26,300.506,0.1016
2024-11-27,1,1,40,25,22,232.162,0.1289
2024-11-28,1,1,40,19,17,169.186,0.0887
2024-11-29,1,1,40,26,23,204.134,0.1134
2024-11-30,1,1,35,17,15,205.501,0.089
2024-12-01,1,1,35,18,16,175.315,0.1285
2024-12-02,1,1,40,19,17,226.891,0.1132
2024-12-03,1,1,40,18,16,189.554,0.0921
2024-12-04,1,1,40,27,25,239.768,0.0618
2024-12-05,1,1,40,18,17,185.751,0.0654
2024-12-06,1,1,40,17,16,176.209,0.0497
2024-12-07,1,1,35,19,18,191.223,0.0683
2024-12-08,1,1,35,15,13,187.625,0.1223
2024-12-09,1,1,40,24,22,235.849,0.0876
2024-12-10,1,1,40,25,23,205.01,0.075
2024-12-11,1,1,40,19,17,203.383,0.0975
2024-12-12,1,1,40,21,19,233.845,0.1095
2024-12-13,1,1,40,17,15,106.411,0.1201
2024-12-14,1,1,35,17,15,191.738,0.0965
2024-12-15,1,1,35,17,15,163.703,0.0902
2024-12-16,1,1,40,29,27,318.821,0.071
2024-12-17,1,1,40,29,27,278.885,0.07
2024-12-18,1,1,40,16,14,219.529,0.0977
2024-12-19,1,1,40,26,24,364.826,0.0842
2024-12-20,1,1,40,18,17,225.647,0.0726
2024-12-21,1,1,35,24,23,288.106,0.0532
2024-12-22,1,1,35,24,23,279.029,0.0415
2024-12-23,1,1,40,24,22,262.227,0.0798
2024-12-24,1,1,40,22,19,251.794,0.1343
2024-12-25,1,1,40,19,18,157.413,0.0624
2024-12-26,1,1,40,25,25,221.239,0.01
2024-12-27,1,1,40,16,14,171.326,0.1198
2024-12-28,1,1,35,18,17,147.135,0.0488
2024-12-29,1,1,35,22,21,196.526,0.0517
2024-12-30,1,1,40,23,21,309.469,0.0958
2024-12-31,1,1,40,19,17,150.004,0.1028
2025-01-01,1,1,40,19,18,206.661,0.0675
2025-01-02,1,1,40,16,14,156.624,0.0973
2025-01-03,1,1,40,17,15,159.368,0.1013
2025-01-04,1,1,35,17,15,160.615,0.0976
2025-01-05,1,1,35,13,12,101.973,0.1041
2025-01-06,1,1,40,29,26,188.658,0.0922
2025-01-07,1,1,40,20,18,204.635,0.1249
2025-01-08,1,1,40,20,19,178.546,0.0749
2025-01-09,1,1,40,20,17,222.534,0.1271
2025-01-10,1,1,40,28,25,233.346,0.09
2025-01-11,1,1,35,24,22,235.208,0.0693
2025-01-12,1,1,35,18,17,192.575,0.0783
2025-01-13,1,1,40,24,23,325.234,0.0562
2025-01-14,1,1,40,25,22,204.186,0.1358
2025-01-15,1,1,40,17,16,152.473,0.0629
2025-01-16,1,1,40,24,22,246.866,0.0784
2025-01-17,1,1,40,20,18,168.163,0.0984
2025-01-18,1,1,35,30,28,237.145,0.0691
2025-01-19,1,1,35,14,12,99.266,0.1086
2025-01-20,1,1,40,25,23,236.637,0.0709
2025-01-21,1,1,40,25,23,281.753,0.0974
2025-01-22,1,1,40,30,28,254.364,0.0687
2025-01-23,1,1,40,21,19,254.466,0.1086
2025-01-24,1,1,40,28,27,258.945,0.0384
2025-01-25,1,1,35,18,17,153.424,0.0785
2025-01-26,1,1,35,25,23,277.935,0.0665
2025-01-27,1,1,40,30,26,291.128,0.1342
2025-01-28,1,1,40,28,26,329.099,0.0863
2025-01-29,1,1,40,25,22,191.145,0.1223
2025-01-30,1,1,40,26,25,231.876,0.0565
2025-01-31,1,1,40,33,30,310.528,0.0942
2025-02-01,1,1,35,23,21,232.276,0.095
2025-02-02,1,1,35,27,25,181.728,0.0708
2025-02-03,1,1,40,31,29,238.404,0.0721
2025-02-04,1,1,40,38,35,414.076,0.0709
2025-02-05,1,1,40,27,26,233.812,0.0441
2025-02-06,1,1,40,26,24,230.564,0.0855
2025-02-07,1,1,40,23,21,246.156,0.0865
2025-02-08,1,1,35,31,27,424.952,0.1158
2025-02-09,1,1,35,18,16,211.243,0.0911
2025-02-10,1,1,40,31,29,220.945,0.0774
2025-02-11,1,1,40,23,21,259.106,0.078
2025-02-12,1,1,40,19,18,161.753,0.0656
2025-02-13,1,1,40,18,16,208.682,0.0837
2025-02-14,1,1,40,27,24,295.078,0.0956
2025-02-15,1,1,35,38,34,235.144,0.0948
2025-02-16,1,1,35,16,15,142.991,0.0934
2025-02-17,1,1,40,23,21,245.641,0.0783
2025-02-18,1,1,40,37,35,364.98,0.0593
2025-02-19,1,1,40,32,29,428.029,0.1033
2025-02-20,1,1,40,26,24,167.955,0.0637
2025-02-21,1,1,40,24,22,189.031,0.0925
2025-02-22,1,1,35,26,25,272.987,0.0423
2025-02-23,1,1,35,17,16,136.949,0.072
2025-02-24,1,1,40,40,37,331.054,0.0795
2025-02-25,1,1,40,32,28,283.094,0.1128
2025-02-26,1,1,40,26,23,198.379,0.1086
2025-02-27,1,1,40,29,27,248.417,0.0839
2025-02-28,1,1,40,29,27,207.63,0.0618
2025-03-01,1,1,35,27,25,292.189,0.0581
2025-03-02,1,1,35,20,18,118.364,0.1012
2025-03-03,1,1,40,27,24,238.534,0.112
2025-03-04,1,1,40,21,18,246.565,0.1579
2025-03-05,1,1,40,27,25,353.61,0.0671
2025-03-06,1,1,40,42,39,463.553,0.064
2025-03-07,1,1,40,31,27,281.193,0.1216
2025-03-08,1,1,35,27,25,249.022,0.0825
2025-03-09,1,1,35,28,26,333.238,0.0796
2025-03-10,1,1,40,37,32,314.415,0.1282
2025-03-11,1,1,40,27,25,210.005,0.0796
2025-03-12,1,1,40,23,21,216.312,0.1067
2025-03-13,1,1,40,22,20,174.747,0.0936
2025-03-14,1,1,40,38,33,391.955,0.1219
2025-03-15,1,1,35,27,24,312.039,0.1021
2025-03-16,1,1,35,26,24,306.945,0.0738
2025-03-17,1,1,40,38,35,273.568,0.0917
2025-03-18,1,1,40,30,26,256.711,0.1174
2025-03-19,1,1,40,23,21,241.907,0.0766
2025-03-20,1,1,40,26,26,248.663,0.01
2025-03-21,1,1,40,30,28,248.085,0.0667
2025-03-22,1,1,35,24,21,196.091,0.1457
2025-03-23,1,1,35,23,21,254.85,0.0926
2025-03-24,1,1,40,36,33,390.819,0.0867
2025-03-25,1,1,40,25,24,305.875,0.0562
2025-03-26,1,1,40,30,27,349.883,0.1049
2025-03-27,1,1,40,30,27,306.407,0.0853
2025-03-28,1,1,40,17,16,207.048,0.0486
2025-03-29,1,1,35,38,34,368.947,0.1133
2025-03-30,1,1,35,26,23,189.077,0.108
2025-03-31,1,1,40,31,27,398.701,0.1134
2025-04-01,1,1,40,25,22,201.743,0.1113
2025-04-02,1,1,40,30,28,274.574,0.0706
2025-04-03,1,1,40,32,29,282.782,0.0789
2025-04-04,1,1,40,13,12,104.917,0.0812
2025-04-05,1,1,35,26,24,192.479,0.0858
2025-04-06,1,1,35,29,27,281.069,0.0764
2025-04-07,1,1,40,34,32,253.899,0.0724
2025-04-08,1,1,40,32,30,287.401,0.0732
2025-04-09,1,1,40,26,23,288.009,0.1002
2025-04-10,1,1,40,29,27,314.948,0.0625
2025-04-11,1,1,40,30,27,276.501,0.0908
2025-04-12,1,1,35,26,23,303.99,0.1127
2025-04-13,1,1,35,26,24,267.736,0.0872
2025-04-14,1,1,40,36,33,359.15,0.0805
2025-04-15,1,1,40,38,34,399.194,0.0928
2025-04-16,1,1,40,27,25,141.443,0.0603
2025-04-17,1,1,40,23,21,201.464,0.0822
2025-04-18,1,1,40,24,21,312.708,0.1198
2025-04-19,1,1,35,20,18,186.007,0.0774
2025-04-20,1,1,35,23,20,195.277,0.1304
2025-04-21,1,1,40,39,37,452.439,0.0621
2025-04-22,1,1,40,31,27,291.163,0.1131
2025-04-23,1,1,40,22,19,239.85,0.1212
2025-04-24,1,1,40,23,22,221.791,0.062
2025-04-25,1,1,40,20,19,113.121,0.0665
2025-04-26,1,1,35,20,19,175.52,0.0606
2025-04-27,1,1,35,30,28,285.766,0.0664
2025-04-28,1,1,40,24,22,254.498,0.0808
2025-04-29,1,1,40,27,25,250.267,0.0895
2025-04-30,1,1,40,24,22,157.48,0.0989
2025-05-01,1,1,40,25,23,270.979,0.0752
2025-05-02,1,1,40,22,19,215.021,0.138
2025-05-03,1,1,35,23,21,191.608,0.0755
2025-05-04,1,1,35,22,19,195.271,0.1436
2025-05-05,1,1,40,35,32,324.307,0.0827
2025-05-06,1,1,40,25,23,268.645,0.0994
2025-05-07,1,1,40,29,27,332.58,0.0709
2025-05-08,1,1,40,33,30,341.008,0.0852
2025-05-09,1,1,40,17,16,202.638,0.0832
2025-05-10,1,1,35,22,21,247.59,0.056
2025-05-11,1,1,35,27,24,257.217,0.1055
2025-05-12,1,1,40,37,34,375.302,0.0942
2025-05-13,1,1,40,33,29,369.69,0.1264
2025-05-14,1,1,40,32,29,407.07,0.0928
2025-05-15,1,1,40,32,29,308.387,0.0808
2025-05-16,1,1,40,34,31,332.53,0.0767
2025-05-17,1,1,35,25,23,202.64,0.0896
2025-05-18,1,1,35,18,16,161.908,0.1174
2025-05-19,1,1,40,27,25,298.915,0.0813
2025-05-20,1,1,40,21,19,195.593,0.1105
2025-05-21,1,1,40,21,18,223.587,0.1208
2025-05-22,1,1,40,20,18,180.922,0.0802
2025-05-23,1,1,40,17,15,207.291,0.1179
2025-05-24,1,1,35,25,22,213.317,0.1295
2025-05-25,1,1,35,30,27,311.928,0.1026
2025-05-26,1,1,40,28,26,226.586,0.0696
2025-05-27,1,1,40,23,21,189.103,0.0902
2025-05-28,1,1,40,19,17,175.29,0.0915
2025-05-29,1,1,40,25,24,295.059,0.0504
2025-05-30,1,1,40,18,17,197.714,0.0761
2025-05-31,1,1,35,26,23,287.006,0.0997
2025-06-01,1,1,35,26,24,263.452,0.0585
2025-06-02,1,1,40,35,31,353.052,0.1195
2025-06-03,1,1,40,23,21,218.019,0.0739
2025-06-04,1,1,40,32,29,257.084,0.0941
2025-06-05,1,1,40,18,17,170.502,0.06
2025-06-06,1,1,40,31,29,222.829,0.0788
2025-06-07,1,1,35,21,19,227.547,0.0994
2025-06-08,1,1,35,16,14,169.351,0.1004
2025-06-09,1,1,40,22,19,229.97,0.1216
2025-06-10,1,1,40,30,26,371.649,0.1204
2025-06-11,1,1,40,20,18,173.033,0.1007
2025-06-12,1,1,40,27,24,300.817,0.0956
2025-06-13,1,1,40,25,23,158.465,0.0973
2025-06-14,1,1,35,31,28,266.387,0.0997
2025-06-15,1,1,35,18,17,172.408,0.058
2025-06-16,1,1,40,29,28,271.212,0.0448
2025-06-17,1,1,40,31,30,157.798,0.0288
2025-06-18,1,1,40,17,15,153.897,0.0921
2025-06-19,1,1,40,25,23,245.831,0.0616
2025-06-20,1,1,40,23,21,172.136,0.0828
2025-06-21,1,1,35,23,21,136.25,0.0977
2025-06-22,1,1,35,26,24,285.335,0.0663
2025-06-23,1,1,40,29,27,282.257,0.0808
2024-01-01,1,2,40,29,26,310.948,0.1023
2024-01-02,1,2,40,32,28,296.119,0.125
2024-01-03,1,2,40,14,13,211.726,0.0766
2024-01-04,1,2,40,21,20,266.072,0.0704
2024-01-05,1,2,40,24,22,321.281,0.0657
2024-01-06,1,2,35,14,13,108.853,0.0706
2024-01-07,1,2,35,20,18,193.866,0.1183
2024-01-08,1,2,40,36,33,464.71,0.0855
2024-01-09,1,2,40,25,23,206.425,0.0853
2024-01-10,1,2,40,16,14,144.566,0.1083
2024-01-11,1,2,40,25,22,286.032,0.1237
2024-01-12,1,2,40,24,22,275.91,0.1021
2024-01-13,1,2,35,28,24,310.236,0.1301
2024-01-14,1,2,35,21,20,172.432,0.059
2024-01-15,1,2,40,20,19,249.243,0.0647
2024-01-16,1,2,40,25,23,254.445,0.0686
2024-01-17,1,2,40,21,19,255.022,0.0866
2024-01-18,1,2,40,33,29,438.568,0.1078
2024-01-19,1,2,40,29,27,360.234,0.0659
2024-01-20,1,2,35,30,28,334.347,0.0507
2024-01-21,1,2,35,25,22,286.532,0.104
2024-01-22,1,2,40,31,27,296.698,0.1132
2024-01-23,1,2,40,27,24,188.464,0.1006
2024-01-24,1,2,40,23,20,277.516,0.123
2024-01-25,1,2,40,23,22,254.569,0.0604
2024-01-26,1,2,40,29,26,367.613,0.1004
2024-01-27,1,2,35,20,19,225.643,0.0437
2024-01-28,1,2,35,25,24,360.05,0.0538
2024-01-29,1,2,40,40,36,481.499,0.1032
2024-01-30,1,2,40,37,34,284.619,0.0831
2024-01-31,1,2,40,27,25,344.179,0.0903
2024-02-01,1,2,40,22,20,282.587,0.0757
2024-02-02,1,2,40,26,24,287.414,0.0693
2024-02-03,1,2,35,27,25,224.008,0.0743
2024-02-04,1,2,35,24,22,192.993,0.096
2024-02-05,1,2,40,35,32,337.506,0.0933
2024-02-06,1,2,40,27,25,255.106,0.0922
2024-02-07,1,2,40,29,28,382.671,0.0303
2024-02-08,1,2,40,24,21,258.252,0.1069
2024-02-09,1,2,40,23,21,265.126,0.094
2024-02-10,1,2,35,37,33,358.155,0.0971
2024-02-11,1,2,35,20,19,198.314,0.0732
2024-02-12,1,2,40,25,23,349.47,0.0952
2024-02-13,1,2,40,33,30,384.153,0.0771
2024-02-14,1,2,40,33,31,287.365,0.0561
2024-02-15,1,2,40,32,30,371.079,0.0686
2024-02-16,1,2,40,29,27,357.675,0.0809
2024-02-17,1,2,35,33,30,358.117,0.0836
2024-02-18,1,2,35,20,19,211.776,0.0706
2024-02-19,1,2,40,25,23,239.91,0.0958
2024-02-20,1,2,40,32,31,356.393,0.0414
2024-02-21,1,2,40,24,22,219.569,0.0845
2024-02-22,1,2,40,26,24,216.265,0.0783
2024-02-23,1,2,40,23,20,271.929,0.1092
2024-02-24,1,2,35,29,27,333.494,0.0663
2024-02-25,1,2,35,31,28,331.547,0.1022
2024-02-26,1,2,40,36,31,381.334,0.1418
2024-02-27,1,2,40,29,27,319.082,0.0861
2024-02-28,1,2,40,27,25,289.969,0.0824
2024-02-29,1,2,40,37,33,424.724,0.1039
2024-03-01,1,2,40,19,18,253.066,0.0671
2024-03-02,1,2,35,20,19,200.89,0.0592
2024-03-03,1,2,35,25,22,293.692,0.1008
2024-03-04,1,2,40,33,30,388.544,0.0868
2024-03-05,1,2,40,37,33,450.735,0.1213
2024-03-06,1,2,40,34,30,369.124,0.1114
2024-03-07,1,2,40,29,26,356.281,0.0981
2024-03-08,1,2,40,27,24,241.005,0.1186
2024-03-09,1,2,35,23,22,265.21,0.0267
2024-03-10,1,2,35,28,26,352.396,0.0651
2024-03-11,1,2,40,30,28,271.63,0.0698
2024-03-12,1,2,40,29,26,277.08,0.1141
2024-03-13,1,2,40,30,27,362.979,0.0943
2024-03-14,1,2,40,26,23,243.311,0.0985
2024-03-15,1,2,40,26,23,280.101,0.1045
2024-03-16,1,2,35,23,20,238.844,0.1099
2024-03-17,1,2,35,31,28,335.599,0.082
2024-03-18,1,2,40,33,28,438.569,0.1424
2024-03-19,1,2,40,29,26,325.161,0.1082
2024-03-20,1,2,40,38,33,533.904,0.1376
2024-03-21,1,2,40,27,24,328.58,0.1041
2024-03-22,1,2,40,23,20,268.226,0.1112
2024-03-23,1,2,35,33,29,340.906,0.1163
2024-03-24,1,2,35,21,19,243.369,0.0942
2024-03-25,1,2,40,29,25,423.129,0.1342
2024-03-26,1,2,40,23,22,287.707,0.0566
2024-03-27,1,2,40,28,27,273.055,0.0352
2024-03-28,1,2,40,26,24,278.692,0.0781
2024-03-29,1,2,40,23,20,295.574,0.1274
2024-03-30,1,2,35,23,21,289.796,0.0924
2024-03-31,1,2,35,33,30,530.659,0.0873
2024-04-01,1,2,40,37,33,490.278,0.0958
2024-04-02,1,2,40,50,46,461.342,0.0879
2024-04-03,1,2,40,31,27,306.92,0.1344
2024-04-04,1,2,40,24,22,242.537,0.0705
2024-04-05,1,2,40,31,28,400.924,0.0858
2024-04-06,1,2,35,38,35,387.045,0.0892
2024-04-07,1,2,35,29,26,343.333,0.0875
2024-04-08,1,2,40,33,30,342.356,0.1
2024-04-09,1,2,40,39,36,395.736,0.0803
2024-04-10,1,2,40,23,22,309.807,0.0501
2024-04-11,1,2,40,34,31,496.251,0.0829
2024-04-12,1,2,40,26,25,304.643,0.0476
2024-04-13,1,2,35,25,23,316.24,0.0617
2024-04-14,1,2,35,35,33,423.598,0.0457
2024-04-15,1,2,40,34,32,414.184,0.0693
2024-04-16,1,2,40,42,38,499.074,0.0996
2024-04-17,1,2,40,28,25,326.865,0.1018
2024-04-18,1,2,40,30,27,246.894,0.1145
2024-04-19,1,2,40,31,29,328.353,0.08
2024-04-20,1,2,35,28,26,276.594,0.0887
2024-04-21,1,2,35,30,27,274.293,0.085
2024-04-22,1,2,40,38,35,430.487,0.0752
2024-04-23,1,2,40,34,29,418.761,0.151
2024-04-24,1,2,40,25,22,353.012,0.1159
2024-04-25,1,2,40,27,24,291.072,0.0953
2024-04-26,1,2,40,44,39,374.583,0.1128
2024-04-27,1,2,35,30,26,373.761,0.12
2024-04-28,1,2,35,24,22,355.076,0.0856
2024-04-29,1,2,40,30,27,334.83,0.0839
2024-04-30,1,2,40,24,23,287.037,0.0467
2024-05-01,1,2,40,30,27,392.448,0.0847
2024-05-02,1,2,40,29,26,377.642,0.1081
2024-05-03,1,2,40,23,21,262.182,0.0891
2024-05-04,1,2,35,33,30,436.847,0.1022
2024-05-05,1,2,35,33,31,329.015,0.0674
2024-05-06,1,2,40,33,29,284.94,0.1154
2024-05-07,1,2,40,30,27,299.636,0.0883
2024-05-08,1,2,40,23,20,242.323,0.1124
2024-05-09,1,2,40,31,27,298.084,0.1194
2024-05-10,1,2,40,39,35,523.581,0.0937
2024-05-11,1,2,35,19,17,233.195,0.103
2024-05-12,1,2,35,31,28,412.473,0.1025
2024-05-13,1,2,40,26,24,331.815,0.071
2024-05-14,1,2,40,32,29,417.025,0.1018
2024-05-15,1,2,40,37,34,394.323,0.0753
2024-05-16,1,2,40,26,24,304.028,0.0635
2024-05-17,1,2,40,24,21,285.846,0.1171
2024-05-18,1,2,35,33,30,414.978,0.0889
2024-05-19,1,2,35,38,35,548.384,0.0888
2024-05-20,1,2,40,28,25,257.064,0.0939
2024-05-21,1,2,40,36,32,459.844,0.1155
2024-05-22,1,2,40,27,25,249.464,0.0871
2024-05-23,1,2,40,28,26,326.467,0.0628
2024-05-24,1,2,40,24,22,253.343,0.1008
2024-05-25,1,2,35,25,23,240.967,0.0876
2024-05-26,1,2,35,26,24,283.955,0.0813
2024-05-27,1,2,40,27,23,357.266,0.1382
2024-05-28,1,2,40,30,28,440.187,0.0755
2024-05-29,1,2,40,28,25,272.218,0.1078
2024-05-30,1,2,40,30,28,337.59,0.0596
2024-05-31,1,2,40,24,22,335.515,0.0898
2024-06-01,1,2,35,36,35,386.192,0.0408
2024-06-02,1,2,35,23,21,230.936,0.0653
2024-06-03,1,2,40,17,15,210.3,0.0945
2024-06-04,1,2,40,27,25,305.78,0.083
2024-06-05,1,2,40,21,20,261.11,0.0682
2024-06-06,1,2,40,31,29,457.079,0.0683
2024-06-07,1,2,40,23,20,292.039,0.1216
2024-06-08,1,2,35,30,27,353.164,0.1026
2024-06-09,1,2,35,24,22,234.221,0.0999
2024-06-10,1,2,40,23,21,246.305,0.0832
2024-06-11,1,2,40,33,30,400.113,0.0982
2024-06-12,1,2,40,29,26,312.447,0.1012
2024-06-13,1,2,40,35,32,404.263,0.0942
2024-06-14,1,2,40,22,20,294.31,0.1047
2024-06-15,1,2,35,23,21,239.182,0.0788
2024-06-16,1,2,35,22,20,292.335,0.0911
2024-06-17,1,2,40,31,29,406.602,0.0635
2024-06-18,1,2,40,28,25,302.947,0.102
2024-06-19,1,2,40,19,18,209.091,0.0286
2024-06-20,1,2,40,28,25,315.165,0.1119
2024-06-21,1,2,40,29,27,348.563,0.069
2024-06-22,1,2,35,23,21,309.34,0.0958
2024-06-23,1,2,35,18,16,207.53,0.0957
2024-06-24,1,2,40,29,27,382.785,0.0697
2024-06-25,1,2,40,28,26,333.194,0.0707
2024-06-26,1,2,40,12,11,153.065,0.0779
2024-06-27,1,2,40,22,20,210.906,0.0983
2024-06-28,1,2,40,32,29,376.24,0.1044
2024-06-29,1,2,35,18,17,169.792,0.0306
2024-06-30,1,2,35,16,14,192.432,0.0962
2024-07-01,1,2,40,32,28,464.783,0.1146
2024-07-02,1,2,40,27,26,301.78,0.0385
2024-07-03,1,2,40,24,22,267.835,0.0653
2024-07-04,1,2,40,21,19,204.223,0.0919
2024-07-05,1,2,40,17,16,180.294,0.0857
2024-07-06,1,2,35,15,14,179.505,0.0977
2024-07-07,1,2,35,23,21,277.353,0.095
2024-07-08,1,2,40,22,20,228.171,0.0827
2024-07-09,1,2,40,23,21,250.938,0.0909
2024-07-10,1,2,40,18,16,205.0,0.0881
2024-07-11,1,2,40,22,20,263.838,0.07
2024-07-12,1,2,40,17,16,144.201,0.0813
2024-07-13,1,2,35,25,23,299.545,0.0629
2024-07-14,1,2,35,19,17,230.952,0.0909
2024-07-15,1,2,40,32,30,331.583,0.0592
2024-07-16,1,2,40,26,23,347.171,0.1089
2024-07-17,1,2,40,17,16,228.28,0.0701
2024-07-18,1,2,40,18,16,207.527,0.0889
2024-07-19,1,2,40,29,26,234.364,0.0987
2024-07-20,1,2,35,21,20,242.503,0.0566
2024-07-21,1,2,35,13,12,174.103,0.0613
2024-07-22,1,2,40,18,17,192.061,0.0734
2024-07-23,1,2,40,27,24,338.874,0.0955
2024-07-24,1,2,40,14,13,134.05,0.0786
2024-07-25,1,2,40,16,15,177.252,0.0789
2024-07-26,1,2,40,19,17,193.774,0.0874
2024-07-27,1,2,35,16,14,183.602,0.1095
2024-07-28,1,2,35,10,9,118.37,0.0895
2024-07-29,1,2,40,25,23,241.276,0.0846
2024-07-30,1,2,40,23,21,321.771,0.0952
2024-07-31,1,2,40,24,23,285.923,0.042
2024-08-01,1,2,40,18,17,248.474,0.0597
2024-08-02,1,2,40,21,19,196.679,0.0902
2024-08-03,1,2,35,22,20,286.393,0.0974
2024-08-04,1,2,35,22,20,182.897,0.094
2024-08-05,1,2,40,16,15,178.423,0.0895
2024-08-06,1,2,40,27,25,302.749,0.072
2024-08-07,1,2,40,18,17,206.044,0.082
2024-08-08,1,2,40,25,21,276.427,0.143
2024-08-09,1,2,40,15,14,179.988,0.0882
2024-08-10,1,2,35,23,20,272.622,0.1101
2024-08-11,1,2,35,15,14,190.723,0.0455
2024-08-12,1,2,40,25,22,274.46,0.1152
2024-08-13,1,2,40,19,18,261.335,0.0533
2024-08-14,1,2,40,24,23,272.262,0.0513
2024-08-15,1,2,40,21,19,233.447,0.1066
2024-08-16,1,2,40,17,15,176.234,0.1417
2024-08-17,1,2,35,19,18,177.327,0.0622
2024-08-18,1,2,35,13,12,125.055,0.0845
2024-08-19,1,2,40,19,17,188.776,0.1038
2024-08-20,1,2,40,25,23,250.435,0.0974
2024-08-21,1,2,40,13,12,119.295,0.069
2024-08-22,1,2,40,17,16,189.583,0.0792
2024-08-23,1,2,40,13,12,153.303,0.0979
2024-08-24,1,2,35,18,16,179.32,0.1029
2024-08-25,1,2,35,16,14,165.988,0.096
2024-08-26,1,2,40,16,15,194.543,0.0746
2024-08-27,1,2,40,14,13,150.111,0.1026
2024-08-28,1,2,40,22,20,202.833,0.0973
2024-08-29,1,2,40,17,16,186.219,0.0809
2024-08-30,1,2,40,19,17,248.859,0.1025
2024-08-31,1,2,35,11,10,124.485,0.0908
2024-09-01,1,2,35,11,9,117.311,0.1387
2024-09-02,1,2,40,16,15,212.726,0.0831
2024-09-03,1,2,40,16,14,171.804,0.1125
2024-09-04,1,2,40,15,13,186.568,0.1008
2024-09-05,1,2,40,19,17,200.043,0.1153
2024-09-06,1,2,40,14,13,163.061,0.0889
2024-09-07,1,2,35,19,17,205.782,0.1195
2024-09-08,1,2,35,14,13,158.197,0.0838
2024-09-09,1,2,40,18,17,188.323,0.0704
2024-09-10,1,2,40,20,19,176.933,0.0611
2024-09-11,1,2,40,27,23,326.536,0.1485
2024-09-12,1,2,40,16,15,175.074,0.0762
2024-09-13,1,2,40,23,22,230.861,0.0437
2024-09-14,1,2,35,12,11,110.501,0.1151
2024-09-15,1,2,35,19,17,149.998,0.1143
2024-09-16,1,2,40,21,19,325.427,0.0981
2024-09-17,1,2,40,16,14,183.027,0.1147
2024-09-18,1,2,40,24,22,255.82,0.0988
2024-09-19,1,2,40,15,13,160.389,0.1055
2024-09-20,1,2,40,18,16,220.734,0.1377
2024-09-21,1,2,35,18,17,191.454,0.0346
2024-09-22,1,2,35,19,18,218.56,0.0439
2024-09-23,1,2,40,14,12,159.92,0.1108
2024-09-24,1,2,40,22,19,295.807,0.1194
2024-09-25,1,2,40,16,15,143.457,0.0746
2024-09-26,1,2,40,12,10,155.015,0.1303
2024-09-27,1,2,40,18,16,233.309,0.0904
2024-09-28,1,2,35,14,13,140.768,0.0874
2024-09-29,1,2,35,19,17,210.634,0.1027
2024-09-30,1,2,40,29,26,344.203,0.115
2024-10-01,1,2,40,27,25,318.076,0.0781
2024-10-02,1,2,40,12,11,139.421,0.0439
2024-10-03,1,2,40,11,10,106.847,0.0987
2024-10-04,1,2,40,23,21,166.88,0.0929
2024-10-05,1,2,35,17,15,243.355,0.0947
2024-10-06,1,2,35,20,19,237.29,0.0542
2024-10-07,1,2,40,29,26,360.22,0.1049
2024-10-08,1,2,40,21,19,228.363,0.108
2024-10-09,1,2,40,24,21,268.366,0.1182
2024-10-10,1,2,40,12,11,124.402,0.0661
2024-10-11,1,2,40,16,14,200.484,0.1465
2024-10-12,1,2,35,25,23,346.767,0.0842
2024-10-13,1,2,35,18,16,260.31,0.0929
2024-10-14,1,2,40,19,17,202.606,0.1313
2024-10-15,1,2,40,17,16,207.153,0.0741
2024-10-16,1,2,40,11,10,128.605,0.0819
2024-10-17,1,2,40,17,16,224.121,0.07
2024-10-18,1,2,40,13,12,159.016,0.0637
2024-10-19,1,2,35,12,11,113.438,0.0904
2024-10-20,1,2,35,15,14,190.089,0.0786
2024-10-21,1,2,40,20,18,257.009,0.0797
2024-10-22,1,2,40,15,13,162.306,0.1063
2024-10-23,1,2,40,23,21,279.395,0.091
2024-10-24,1,2,40,24,22,217.357,0.0867
2024-10-25,1,2,40,11,10,159.194,0.078
2024-10-26,1,2,35,19,17,185.146,0.0854
2024-10-27,1,2,35,13,12,108.901,0.0959
2024-10-28,1,2,40,24,22,343.794,0.0649
2024-10-29,1,2,40,21,19,242.782,0.1174
2024-10-30,1,2,40,14,13,182.184,0.0848
2024-10-31,1,2,40,25,23,280.903,0.0917
2024-11-01,1,2,40,13,11,114.304,0.1602
2024-11-02,1,2,35,21,20,208.515,0.0522
2024-11-03,1,2,35,22,20,231.876,0.0835
2024-11-04,1,2,40,21,19,226.923,0.1099
2024-11-05,1,2,40,19,17,215.688,0.1177
2024-11-06,1,2,40,17,15,200.442,0.0933
2024-11-07,1,2,40,17,16,180.255,0.0756
2024-11-08,1,2,40,25,23,247.021,0.0721
2024-11-09,1,2,35,15,14,173.575,0.0392
2024-11-10,1,2,35,19,18,194.939,0.0647
2024-11-11,1,2,40,13,12,137.492,0.0809
2024-11-12,1,2,40,25,23,322.907,0.082
2024-11-13,1,2,40,15,14,140.141,0.097
2024-11-14,1,2,40,26,24,305.792,0.0747
2024-11-15,1,2,40,20,17,203.348,0.1324
2024-11-16,1,2,35,16,15,210.956,0.0924
2024-11-17,1,2,35,16,15,187.213,0.0444
2024-11-18,1,2,40,15,14,157.393,0.0763
2024-11-19,1,2,40,22,20,278.105,0.084
2024-11-20,1,2,40,6,5,79.277,0.1359
2024-11-21,1,2,40,21,20,262.014,0.053
2024-11-22,1,2,40,18,15,196.543,0.1539
2024-11-23,1,2,35,14,12,221.783,0.1077
2024-11-24,1,2,35,25,23,236.449,0.0792
2024-11-25,1,2,40,23,21,278.367,0.0685
2024-11-26,1,2,40,18,17,184.481,0.0735
2024-11-27,1,2,40,28,24,385.659,0.1402
2024-11-28,1,2,40,17,15,148.522,0.0914
2024-11-29,1,2,40,27,24,367.19,0.1002
2024-11-30,1,2,35,12,11,145.727,0.1066
2024-12-01,1,2,35,17,15,175.498,0.1044
2024-12-02,1,2,40,20,18,189.46,0.0985
2024-12-03,1,2,40,24,22,259.109,0.0995
2024-12-04,1,2,40,21,19,218.432,0.085
2024-12-05,1,2,40,17,16,185.79,0.0648
2024-12-06,1,2,40,21,20,189.623,0.0591
2024-12-07,1,2,35,30,28,474.295,0.0827
2024-12-08,1,2,35,16,14,172.727,0.1129
2024-12-09,1,2,40,32,29,327.37,0.0795
2024-12-10,1,2,40,26,24,241.897,0.0784
2024-12-11,1,2,40,25,22,278.051,0.1105
2024-12-12,1,2,40,19,17,270.147,0.1026
2024-12-13,1,2,40,16,15,156.257,0.0776
2024-12-14,1,2,35,19,17,200.798,0.0977
2024-12-15,1,2,35,14,13,126.882,0.0664
2024-12-16,1,2,40,24,21,299.585,0.1079
2024-12-17,1,2,40,26,24,298.07,0.0585
2024-12-18,1,2,40,22,20,212.103,0.099
2024-12-19,1,2,40,36,33,314.49,0.074
2024-12-20,1,2,40,10,9,114.955,0.1236
2024-12-21,1,2,35,29,27,329.231,0.0688
2024-12-22,1,2,35,23,21,298.617,0.094
2024-12-23,1,2,40,29,27,282.373,0.068
2024-12-24,1,2,40,28,25,317.345,0.1184
2024-12-25,1,2,40,24,22,297.729,0.0634
2024-12-26,1,2,40,23,21,267.025,0.1
2024-12-27,1,2,40,18,16,250.877,0.1107
2024-12-28,1,2,35,23,21,273.855,0.1051
2024-12-29,1,2,35,25,23,313.926,0.0689
2024-12-30,1,2,40,17,16,193.128,0.0718
2024-12-31,1,2,40,20,18,263.992,0.0957
2025-01-01,1,2,40,29,26,375.283,0.0935
2025-01-02,1,2,40,21,19,234.087,0.1041
2025-01-03,1,2,40,31,27,208.109,0.1317
2025-01-04,1,2,35,21,20,267.725,0.0665
2025-01-05,1,2,35,14,13,182.985,0.0494
2025-01-06,1,2,40,31,28,270.423,0.0851
2025-01-07,1,2,40,26,24,324.159,0.0805
2025-01-08,1,2,40,26,23,296.85,0.1118
2025-01-09,1,2,40,32,29,350.556,0.0985
2025-01-10,1,2,40,25,21,312.387,0.1515
2025-01-11,1,2,35,27,25,294.691,0.0774
2025-01-12,1,2,35,18,17,167.639,0.0795
2025-01-13,1,2,40,35,31,409.992,0.1112
2025-01-14,1,2,40,31,28,389.353,0.099
2025-01-15,1,2,40,29,27,333.583,0.083
2025-01-16,1,2,40,26,23,303.078,0.1281
2025-01-17,1,2,40,26,24,340.286,0.0832
2025-01-18,1,2,35,24,23,238.968,0.0367
2025-01-19,1,2,35,25,23,298.289,0.0828
2025-01-20,1,2,40,17,15,160.033,0.0888
2025-01-21,1,2,40,28,26,361.053,0.0789
2025-01-22,1,2,40,17,15,177.449,0.0985
2025-01-23,1,2,40,29,27,325.629,0.0715
2025-01-24,1,2,40,26,23,252.92,0.0962
2025-01-25,1,2,35,31,28,323.788,0.087
2025-01-26,1,2,35,27,25,276.697,0.0839
2025-01-27,1,2,40,17,15,173.195,0.097
2025-01-28,1,2,40,29,26,352.754,0.0959
2025-01-29,1,2,40,24,22,222.263,0.0898
2025-01-30,1,2,40,33,29,484.872,0.1244
2025-01-31,1,2,40,20,18,264.085,0.0765
2025-02-01,1,2,35,22,20,253.137,0.0805
2025-02-02,1,2,35,19,17,220.531,0.1241
2025-02-03,1,2,40,41,37,438.775,0.1064
2025-02-04,1,2,40,27,23,183.57,0.1487
2025-02-05,1,2,40,38,35,474.338,0.0812
2025-02-06,1,2,40,30,27,342.171,0.0855
2025-02-07,1,2,40,31,28,351.97,0.0937
2025-02-08,1,2,35,23,21,356.264,0.0924
2025-02-09,1,2,35,31,27,286.701,0.1255
2025-02-10,1,2,40,27,26,313.252,0.0503
2025-02-11,1,2,40,31,27,288.842,0.144
2025-02-12,1,2,40,18,16,157.116,0.1097
2025-02-13,1,2,40,34,30,438.574,0.1118
2025-02-14,1,2,40,24,21,255.437,0.1333
2025-02-15,1,2,35,31,29,272.184,0.0697
2025-02-16,1,2,35,25,23,305.622,0.089
2025-02-17,1,2,40,32,29,348.428,0.0992
2025-02-18,1,2,40,26,22,261.775,0.151
2025-02-19,1,2,40,36,33,424.032,0.0869
2025-02-20,1,2,40,24,22,315.124,0.1029
2025-02-21,1,2,40,26,23,265.794,0.1042
2025-02-22,1,2,35,41,38,488.164,0.084
2025-02-23,1,2,35,30,28,357.605,0.0655
2025-02-24,1,2,40,25,23,291.276,0.0637
2025-02-25,1,2,40,23,21,232.828,0.0932
2025-02-26,1,2,40,19,17,215.964,0.0972
2025-02-27,1,2,40,37,34,399.019,0.0716
2025-02-28,1,2,40,30,27,286.605,0.1044
2025-03-01,1,2,35,26,25,301.142,0.0419
2025-03-02,1,2,35,24,21,243.444,0.1383
2025-03-03,1,2,40,36,33,426.328,0.0751
2025-03-04,1,2,40,27,25,340.742,0.0767
2025-03-05,1,2,40,32,29,286.853,0.0926
2025-03-06,1,2,40,21,19,262.211,0.11
2025-03-07,1,2,40,25,23,273.973,0.0927
2025-03-08,1,2,35,27,25,337.955,0.0723
2025-03-09,1,2,35,21,19,259.975,0.1055
2025-03-10,1,2,40,34,31,361.359,0.0856
2025-03-11,1,2,40,27,25,314.243,0.076
2025-03-12,1,2,40,23,21,265.786,0.0964
2025-03-13,1,2,40,34,33,366.789,0.0235
2025-03-14,1,2,40,24,23,297.039,0.052
2025-03-15,1,2,35,26,23,223.066,0.1339
2025-03-16,1,2,35,17,15,229.406,0.1104
2025-03-17,1,2,40,38,35,366.733,0.092
2025-03-18,1,2,40,25,23,255.489,0.065
2025-03-19,1,2,40,32,30,441.577,0.0644
2025-03-20,1,2,40,23,21,212.889,0.0751
2025-03-21,1,2,40,20,17,215.625,0.1309
2025-03-22,1,2,35,19,17,196.314,0.0814
2025-03-23,1,2,35,24,21,276.238,0.1081
2025-03-24,1,2,40,33,30,289.097,0.0927
2025-03-25,1,2,40,26,23,279.393,0.0984
2025-03-26,1,2,40,26,24,293.752,0.0633
2025-03-27,1,2,40,28,27,379.693,0.0353
2025-03-28,1,2,40,28,26,343.79,0.078
2025-03-29,1,2,35,26,22,252.578,0.1423
2025-03-30,1,2,35,21,20,298.679,0.0665
2025-03-31,1,2,40,28,26,283.063,0.0869
2025-04-01,1,2,40,33,29,435.407,0.1106
2025-04-02,1,2,40,27,26,267.019,0.0503
2025-04-03,1,2,40,26,23,248.777,0.111
2025-04-04,1,2,40,27,24,335.423,0.1143
2025-04-05,1,2,35,30,28,294.671,0.0775
2025-04-06,1,2,35,21,19,281.32,0.1003
2025-04-07,1,2,40,25,22,277.209,0.1219
2025-04-08,1,2,40,41,40,542.439,0.0351
2025-04-09,1,2,40,32,30,292.475,0.0557
2025-04-10,1,2,40,17,16,200.856,0.0653
2025-04-11,1,2,40,28,26,348.818,0.0541
2025-04-12,1,2,35,26,24,308.545,0.0598
2025-04-13,1,2,35,25,24,264.192,0.0268
2025-04-14,1,2,40,38,35,456.322,0.0901
2025-04-15,1,2,40,29,27,319.322,0.0601
2025-04-16,1,2,40,34,31,327.828,0.0992
2025-04-17,1,2,40,33,31,326.253,0.073
2025-04-18,1,2,40,30,26,347.879,0.1454
2025-04-19,1,2,35,23,20,262.123,0.13
2025-04-20,1,2,35,25,23,314.423,0.0661
2025-04-21,1,2,40,30,27,284.658,0.0866
2025-04-22,1,2,40,30,27,392.652,0.0888
2025-04-23,1,2,40,24,22,282.733,0.1021
2025-04-24,1,2,40,29,27,396.476,0.0589
2025-04-25,1,2,40,27,25,294.827,0.083
2025-04-26,1,2,35,40,38,506.227,0.0522
2025-04-27,1,2,35,24,21,281.496,0.1445
2025-04-28,1,2,40,38,34,468.718,0.0959
2025-04-29,1,2,40,34,31,435.071,0.0817
2025-04-30,1,2,40,25,23,263.657,0.0823
2025-05-01,1,2,40,22,20,248.096,0.0955
2025-05-02,1,2,40,26,23,338.268,0.1064
2025-05-03,1,2,35,29,27,311.703,0.0734
2025-05-04,1,2,35,15,13,153.571,0.1201
2025-05-05,1,2,40,28,25,345.274,0.1056
2025-05-06,1,2,40,39,37,490.681,0.0601
2025-05-07,1,2,40,23,22,250.716,0.0611
2025-05-08,1,2,40,32,30,456.956,0.0585
2025-05-09,1,2,40,29,26,331.439,0.1127
2025-05-10,1,2,35,23,21,327.014,0.0987
2025-05-11,1,2,35,26,25,372.901,0.0406
2025-05-12,1,2,40,37,34,453.522,0.0903
2025-05-13,1,2,40,29,26,401.113,0.091
2025-05-14,1,2,40,25,23,236.003,0.0869
2025-05-15,1,2,40,26,24,416.753,0.0936
2025-05-16,1,2,40,28,25,297.432,0.1088
2025-05-17,1,2,35,31,26,338.594,0.1471
2025-05-18,1,2,35,21,18,241.572,0.1367
2025-05-19,1,2,40,26,24,330.476,0.0838
2025-05-20,1,2,40,34,31,453.69,0.1025
2025-05-21,1,2,40,28,26,314.531,0.0792
2025-05-22,1,2,40,28,26,334.067,0.0636
2025-05-23,1,2,40,24,22,282.594,0.0962
2025-05-24,1,2,35,30,27,388.592,0.1068
2025-05-25,1,2,35,23,21,251.969,0.0872
2025-05-26,1,2,40,40,36,492.188,0.0894
2025-05-27,1,2,40,33,32,378.409,0.0414
2025-05-28,1,2,40,30,27,395.011,0.0951
2025-05-29,1,2,40,19,17,216.103,0.1083
2025-05-30,1,2,40,27,25,403.737,0.0745
2025-05-31,1,2,35,30,27,258.295,0.1046
2025-06-01,1,2,35,20,18,201.208,0.0965
2025-06-02,1,2,40,30,27,397.904,0.1098
2025-06-03,1,2,40,27,24,295.957,0.0936
2025-06-04,1,2,40,34,30,408.461,0.1074
2025-06-05,1,2,40,21,18,200.364,0.1422
2025-06-06,1,2,40,31,29,302.472,0.0649
2025-06-07,1,2,35,21,20,225.963,0.069
2025-06-08,1,2,35,21,20,293.016,0.0656
2025-06-09,1,2,40,25,22,308.653,0.1068
2025-06-10,1,2,40,21,19,260.214,0.0734
2025-06-11,1,2,40,24,21,346.517,0.1121
2025-06-12,1,2,40,27,24,256.653,0.112
2025-06-13,1,2,40,18,17,153.643,0.0538
2025-06-14,1,2,35,28,24,323.855,0.1331
2025-06-15,1,2,35,22,20,215.918,0.0762
2025-06-16,1,2,40,30,27,384.505,0.0999
2025-06-17,1,2,40,24,21,308.741,0.1208
2025-06-18,1,2,40,26,23,292.234,0.101
2025-06-19,1,2,40,23,22,307.92,0.0628
2025-06-20,1,2,40,28,25,354.298,0.0966
2025-06-21,1,2,35,30,28,381.245,0.0775
2025-06-22,1,2,35,14,13,180.563,0.087
2025-06-23,1,2,40,29,27,301.461,0.086
2024-01-01,1,3,40,20,18,268.867,0.1001
2024-01-02,1,3,40,29,25,401.418,0.1304
2024-01-03,1,3,40,27,25,383.175,0.0779
2024-01-04,1,3,40,31,28,467.602,0.0965
2024-01-05,1,3,40,26,24,306.001,0.0742
2024-01-06,1,3,35,20,18,266.885,0.1061
2024-01-07,1,3,35,29,26,440.282,0.1153
2024-01-08,1,3,40,32,29,465.657,0.0808
2024-01-09,1,3,40,20,17,252.027,0.1449
2024-01-10,1,3,40,28,26,297.118,0.075
2024-01-11,1,3,40,22,20,279.289,0.0736
2024-01-12,1,3,40,24,21,305.886,0.1254
2024-01-13,1,3,35,27,24,323.687,0.1071
2024-01-14,1,3,35,21,19,280.858,0.0868
2024-01-15,1,3,40,29,27,419.979,0.0545
2024-01-16,1,3,40,31,29,451.815,0.0646
2024-01-17,1,3,40,21,18,231.504,0.1328
2024-01-18,1,3,40,20,18,281.828,0.1164
2024-01-19,1,3,40,24,21,348.526,0.1079
2024-01-20,1,3,35,25,22,345.409,0.1183
2024-01-21,1,3,35,24,22,340.417,0.1007
2024-01-22,1,3,40,35,31,468.1,0.1002
2024-01-23,1,3,40,21,20,235.581,0.0548
2024-01-24,1,3,40,26,22,355.968,0.1523
2024-01-25,1,3,40,22,19,304.427,0.1172
2024-01-26,1,3,40,30,28,407.976,0.0764
2024-01-27,1,3,35,30,28,334.138,0.0806
2024-01-28,1,3,35,31,29,370.761,0.0666
2024-01-29,1,3,40,28,25,353.153,0.0895
2024-01-30,1,3,40,20,19,260.988,0.0451
2024-01-31,1,3,40,28,25,413.592,0.096
2024-02-01,1,3,40,23,22,288.36,0.0378
2024-02-02,1,3,40,22,20,304.826,0.1037
2024-02-03,1,3,35,23,21,292.776,0.0765
2024-02-04,1,3,35,30,25,366.535,0.1522
2024-02-05,1,3,40,34,30,431.114,0.1064
2024-02-06,1,3,40,37,34,367.18,0.0898
2024-02-07,1,3,40,25,23,462.498,0.0682
2024-02-08,1,3,40,31,29,386.197,0.07
2024-02-09,1,3,40,31,27,381.259,0.12
2024-02-10,1,3,35,20,18,279.713,0.0978
2024-02-11,1,3,35,32,27,404.992,0.1536
2024-02-12,1,3,40,35,30,466.454,0.1301
2024-02-13,1,3,40,39,36,478.429,0.0684
2024-02-14,1,3,40,31,29,388.386,0.0774
2024-02-15,1,3,40,20,18,171.768,0.0901
2024-02-16,1,3,40,26,22,306.371,0.1404
2024-02-17,1,3,35,24,23,329.239,0.0523
2024-02-18,1,3,35,26,24,388.639,0.0867
2024-02-19,1,3,40,43,39,531.546,0.0828
2024-02-20,1,3,40,30,27,348.617,0.1042
2024-02-21,1,3,40,25,23,292.553,0.0793
2024-02-22,1,3,40,32,30,466.025,0.0673
2024-02-23,1,3,40,25,22,251.702,0.1289
2024-02-24,1,3,35,31,28,410.356,0.0876
2024-02-25,1,3,35,18,16,239.539,0.0917
2024-02-26,1,3,40,39,35,499.67,0.1111
2024-02-27,1,3,40,33,29,434.499,0.1151
2024-02-28,1,3,40,19,17,314.985,0.1033
2024-02-29,1,3,40,27,26,312.144,0.0505
2024-03-01,1,3,40,35,31,428.816,0.1082
2024-03-02,1,3,35,25,22,328.768,0.1026
2024-03-03,1,3,35,30,28,405.125,0.0573
2024-03-04,1,3,40,36,33,493.017,0.0913
2024-03-05,1,3,40,35,30,419.392,0.1367
2024-03-06,1,3,40,24,21,309.727,0.1069
2024-03-07,1,3,40,45,41,646.062,0.0911
2024-03-08,1,3,40,43,38,569.203,0.1141
2024-03-09,1,3,35,40,35,566.229,0.1272
2024-03-10,1,3,35,25,23,298.506,0.0894
2024-03-11,1,3,40,25,22,260.6,0.1055
2024-03-12,1,3,40,39,36,614.565,0.0739
2024-03-13,1,3,40,29,27,376.311,0.0649
2024-03-14,1,3,40,29,27,358.158,0.0535
2024-03-15,1,3,40,20,18,237.605,0.0995
2024-03-16,1,3,35,43,38,539.348,0.1173
2024-03-17,1,3,35,30,28,374.682,0.0799
2024-03-18,1,3,40,32,29,450.639,0.0967
2024-03-19,1,3,40,33,30,407.855,0.0767
2024-03-20,1,3,40,39,35,567.845,0.0923
2024-03-21,1,3,40,29,27,359.591,0.0629
2024-03-22,1,3,40,34,30,519.844,0.1079
2024-03-23,1,3,35,31,28,403.168,0.0904
2024-03-24,1,3,35,27,24,314.421,0.1041
2024-03-25,1,3,40,43,41,550.795,0.0492
2024-03-26,1,3,40,31,28,465.886,0.1066
2024-03-27,1,3,40,28,26,420.511,0.0668
2024-03-28,1,3,40,40,37,540.009,0.0736
2024-03-29,1,3,40,31,27,359.572,0.1347
2024-03-30,1,3,35,34,32,407.152,0.072
2024-03-31,1,3,35,32,30,413.04,0.0645
2024-04-01,1,3,40,39,35,458.874,0.1043
2024-04-02,1,3,40,30,27,327.71,0.1147
2024-04-03,1,3,40,27,25,336.206,0.0807
2024-04-04,1,3,40,25,23,355.908,0.0619
2024-04-05,1,3,40,30,26,347.808,0.1178
2024-04-06,1,3,35,39,35,609.141,0.0942
2024-04-07,1,3,35,31,29,389.525,0.0748
2024-04-08,1,3,40,40,37,533.081,0.0851
2024-04-09,1,3,40,40,37,514.515,0.0713
2024-04-10,1,3,40,29,27,421.226,0.0557
2024-04-11,1,3,40,39,36,594.764,0.0876
2024-04-12,1,3,40,21,18,304.405,0.1322
2024-04-13,1,3,35,31,28,429.695,0.0809
2024-04-14,1,3,35,32,30,515.7,0.0763
2024-04-15,1,3,40,31,28,437.384,0.1008
2024-04-16,1,3,40,36,33,546.655,0.072
2024-04-17,1,3,40,24,21,352.48,0.1356
2024-04-18,1,3,40,24,22,347.844,0.0783
2024-04-19,1,3,40,35,32,374.259,0.0764
2024-04-20,1,3,35,30,27,395.114,0.0852
2024-04-21,1,3,35,32,30,329.737,0.0773
2024-04-22,1,3,40,37,34,379.725,0.0845
2024-04-23,1,3,40,45,39,677.927,0.1307
2024-04-24,1,3,40,32,29,413.282,0.1027
2024-04-25,1,3,40,25,22,272.055,0.1066
2024-04-26,1,3,40,31,29,298.211,0.0506
2024-04-27,1,3,35,28,24,275.861,0.139
2024-04-28,1,3,35,23,21,327.709,0.0863
2024-04-29,1,3,40,30,27,397.592,0.0977
2024-04-30,1,3,40,47,43,557.08,0.0887
2024-05-01,1,3,40,32,29,322.717,0.0781
2024-05-02,1,3,40,32,29,394.362,0.0961
2024-05-03,1,3,40,30,29,320.247,0.0413
2024-05-04,1,3,35,25,23,304.448,0.0694
2024-05-05,1,3,35,23,20,319.411,0.1409
2024-05-06,1,3,40,34,32,409.353,0.0498
2024-05-07,1,3,40,28,26,304.907,0.0546
2024-05-08,1,3,40,33,30,384.74,0.0788
2024-05-09,1,3,40,33,30,449.447,0.1009
2024-05-10,1,3,40,34,32,361.068,0.0706
2024-05-11,1,3,35,35,32,447.638,0.0896
2024-05-12,1,3,35,26,24,356.709,0.0784
2024-05-13,1,3,40,26,23,330.187,0.1118
2024-05-14,1,3,40,42,39,561.397,0.0822
2024-05-15,1,3,40,35,31,569.792,0.1021
2024-05-16,1,3,40,29,28,423.157,0.0515
2024-05-17,1,3,40,28,24,413.491,0.1367
2024-05-18,1,3,35,28,25,312.344,0.1234
2024-05-19,1,3,35,24,22,336.436,0.0933
2024-05-20,1,3,40,34,31,418.424,0.094
2024-05-21,1,3,40,28,27,241.124,0.0532
2024-05-22,1,3,40,35,31,516.163,0.1018
2024-05-23,1,3,40,26,25,365.869,0.0551
2024-05-24,1,3,40,23,20,226.61,0.1509
2024-05-25,1,3,35,24,22,354.905,0.0758
2024-05-26,1,3,35,30,27,339.724,0.0893
2024-05-27,1,3,40,31,28,418.971,0.0945
2024-05-28,1,3,40,46,43,620.388,0.0665
2024-05-29,1,3,40,27,26,326.618,0.0515
2024-05-30,1,3,40,25,23,322.588,0.0983
2024-05-31,1,3,40,17,15,197.261,0.0982
2024-06-01,1,3,35,24,22,342.271,0.0749
2024-06-02,1,3,35,23,21,268.137,0.1049
2024-06-03,1,3,40,22,20,270.211,0.089
2024-06-04,1,3,40,30,26,451.254,0.1367
2024-06-05,1,3,40,39,37,508.499,0.0547
2024-06-06,1,3,40,38,33,334.833,0.1232
2024-06-07,1,3,40,27,24,380.33,0.0932
2024-06-08,1,3,35,25,23,322.529,0.0687
2024-06-09,1,3,35,26,24,326.027,0.0668
2024-06-10,1,3,40,31,27,331.281,0.1199
2024-06-11,1,3,40,29,26,348.117,0.0997
2024-06-12,1,3,40,32,29,433.142,0.0858
2024-06-13,1,3,40,19,18,317.216,0.0462
2024-06-14,1,3,40,26,23,394.397,0.114
2024-06-15,1,3,35,24,21,240.559,0.1053
2024-06-16,1,3,35,28,27,351.352,0.0492
2024-06-17,1,3,40,28,26,451.259,0.0882
2024-06-18,1,3,40,18,17,237.237,0.0628
2024-06-19,1,3,40,19,17,261.355,0.1066
2024-06-20,1,3,40,27,25,373.714,0.0894
2024-06-21,1,3,40,30,27,447.096,0.1022
2024-06-22,1,3,35,21,19,209.444,0.1098
2024-06-23,1,3,35,20,19,247.208,0.072
2024-06-24,1,3,40,31,27,404.16,0.1294
2024-06-25,1,3,40,20,18,228.921,0.0925
2024-06-26,1,3,40,21,19,265.322,0.1032
2024-06-27,1,3,40,27,25,402.53,0.0841
2024-06-28,1,3,40,22,21,239.089,0.0581
2024-06-29,1,3,35,28,25,387.98,0.0955
2024-06-30,1,3,35,21,19,306.609,0.0734
2024-07-01,1,3,40,32,27,452.063,0.1434
2024-07-02,1,3,40,25,23,303.393,0.0724
2024-07-03,1,3,40,26,23,266.356,0.1285
2024-07-04,1,3,40,30,28,399.403,0.0749
2024-07-05,1,3,40,20,18,222.208,0.1042
2024-07-06,1,3,35,22,20,282.397,0.0787
2024-07-07,1,3,35,34,32,517.985,0.0482
2024-07-08,1,3,40,28,26,377.046,0.0703
2024-07-09,1,3,40,21,18,319.449,0.131
2024-07-10,1,3,40,25,24,302.259,0.0489
2024-07-11,1,3,40,24,22,288.372,0.0893
2024-07-12,1,3,40,17,16,200.581,0.0859
2024-07-13,1,3,35,15,13,206.358,0.111
2024-07-14,1,3,35,25,23,356.809,0.0721
2024-07-15,1,3,40,15,14,179.288,0.0899
2024-07-16,1,3,40,27,24,337.533,0.1044
2024-07-17,1,3,40,30,28,430.282,0.0831
2024-07-18,1,3,40,23,21,368.551,0.1079
2024-07-19,1,3,40,25,23,303.28,0.085
2024-07-20,1,3,35,27,25,297.029,0.0758
2024-07-21,1,3,35,23,22,354.32,0.0246
2024-07-22,1,3,40,26,24,287.941,0.0687
2024-07-23,1,3,40,21,19,283.169,0.092
2024-07-24,1,3,40,24,22,356.913,0.082
2024-07-25,1,3,40,19,17,274.886,0.0887
2024-07-26,1,3,40,23,21,275.874,0.0869
2024-07-27,1,3,35,30,28,471.645,0.0702
2024-07-28,1,3,35,23,22,310.768,0.0523
2024-07-29,1,3,40,25,23,309.105,0.0855
2024-07-30,1,3,40,28,25,424.922,0.1114
2024-07-31,1,3,40,21,19,238.399,0.1142
2024-08-01,1,3,40,21,19,287.133,0.1131
2024-08-02,1,3,40,28,26,404.937,0.0696
2024-08-03,1,3,35,25,22,368.816,0.1113
2024-08-04,1,3,35,21,20,294.947,0.0621
2024-08-05,1,3,40,19,17,234.773,0.09
2024-08-06,1,3,40,31,28,455.737,0.0997
2024-08-07,1,3,40,20,19,274.612,0.0714
2024-08-08,1,3,40,20,18,241.729,0.1077
2024-08-09,1,3,40,21,19,285.221,0.0869
2024-08-10,1,3,35,23,22,285.749,0.0349
2024-08-11,1,3,35,18,16,233.863,0.0961
2024-08-12,1,3,40,28,26,323.741,0.083
2024-08-13,1,3,40,32,29,450.85,0.0894
2024-08-14,1,3,40,16,14,180.173,0.1109
2024-08-15,1,3,40,20,18,196.734,0.0752
2024-08-16,1,3,40,24,22,257.995,0.0831
2024-08-17,1,3,35,24,21,330.348,0.1105
2024-08-18,1,3,35,21,20,312.722,0.0665
2024-08-19,1,3,40,18,16,215.359,0.1057
2024-08-20,1,3,40,24,22,352.736,0.0699
2024-08-21,1,3,40,20,19,295.124,0.0669
2024-08-22,1,3,40,21,19,284.125,0.0964
2024-08-23,1,3,40,19,17,237.694,0.1106
2024-08-24,1,3,35,19,18,267.895,0.046
2024-08-25,1,3,35,21,19,244.113,0.0855
2024-08-26,1,3,40,19,17,260.316,0.0971
2024-08-27,1,3,40,30,27,376.157,0.1058
2024-08-28,1,3,40,22,20,337.19,0.0985
2024-08-29,1,3,40,24,21,312.097,0.1133
2024-08-30,1,3,40,22,20,271.853,0.0951
2024-08-31,1,3,35,27,23,357.107,0.1593
2024-09-01,1,3,35,13,12,178.546,0.0714
2024-09-02,1,3,40,23,22,266.488,0.0493
2024-09-03,1,3,40,16,14,217.587,0.1026
2024-09-04,1,3,40,14,13,211.37,0.0522
2024-09-05,1,3,40,21,19,290.86,0.0739
2024-09-06,1,3,40,18,16,227.866,0.0973
2024-09-07,1,3,35,17,16,147.534,0.0622
2024-09-08,1,3,35,17,15,224.772,0.0973
2024-09-09,1,3,40,23,21,272.263,0.0675
2024-09-10,1,3,40,18,17,287.6,0.0756
2024-09-11,1,3,40,13,12,152.105,0.0438
2024-09-12,1,3,40,17,16,226.834,0.0846
2024-09-13,1,3,40,19,16,286.657,0.1437
2024-09-14,1,3,35,22,20,195.424,0.0968
2024-09-15,1,3,35,16,14,216.119,0.0991
2024-09-16,1,3,40,31,28,423.997,0.0871
2024-09-17,1,3,40,19,18,228.64,0.0662
2024-09-18,1,3,40,20,18,294.578,0.0882
2024-09-19,1,3,40,23,22,302.917,0.0628
2024-09-20,1,3,40,7,7,85.88,0.0243
2024-09-21,1,3,35,11,10,151.833,0.1059
2024-09-22,1,3,35,14,13,184.165,0.0721
2024-09-23,1,3,40,20,19,251.423,0.0726
2024-09-24,1,3,40,18,16,266.798,0.0958
2024-09-25,1,3,40,12,12,127.685,0.0416
2024-09-26,1,3,40,30,28,471.531,0.0744
2024-09-27,1,3,40,18,17,230.419,0.0762
2024-09-28,1,3,35,21,19,262.136,0.0796
2024-09-29,1,3,35,20,19,260.225,0.0618
2024-09-30,1,3,40,20,19,287.523,0.0712
2024-10-01,1,3,40,19,17,319.649,0.1073
2024-10-02,1,3,40,19,17,232.714,0.128
2024-10-03,1,3,40,23,21,282.723,0.067
2024-10-04,1,3,40,24,22,320.973,0.0895
2024-10-05,1,3,35,15,14,150.248,0.0696
2024-10-06,1,3,35,11,10,130.202,0.0534
2024-10-07,1,3,40,13,12,185.753,0.1139
2024-10-08,1,3,40,17,15,192.12,0.1102
2024-10-09,1,3,40,22,20,229.26,0.1042
2024-10-10,1,3,40,20,18,305.303,0.1059
2024-10-11,1,3,40,21,19,255.724,0.0724
2024-10-12,1,3,35,15,13,191.618,0.1078
2024-10-13,1,3,35,20,18,209.083,0.0818
2024-10-14,1,3,40,26,23,349.246,0.13
2024-10-15,1,3,40,21,19,259.485,0.0748
2024-10-16,1,3,40,14,13,240.9,0.0782
2024-10-17,1,3,40,18,16,227.892,0.133
2024-10-18,1,3,40,14,13,210.347,0.0973
2024-10-19,1,3,35,25,24,341.385,0.056
2024-10-20,1,3,35,14,13,157.182,0.0842
2024-10-21,1,3,40,20,19,244.724,0.0631
2024-10-22,1,3,40,19,17,235.986,0.0824
2024-10-23,1,3,40,22,19,251.777,0.1146
2024-10-24,1,3,40,16,15,199.268,0.0859
2024-10-25,1,3,40,26,22,352.365,0.161
2024-10-26,1,3,35,17,16,213.269,0.0566
2024-10-27,1,3,35,10,9,116.329,0.1086
2024-10-28,1,3,40,34,31,452.633,0.1026
2024-10-29,1,3,40,24,22,343.252,0.0665
2024-10-30,1,3,40,19,18,249.556,0.0635
2024-10-31,1,3,40,20,18,266.388,0.0898
2024-11-01,1,3,40,10,9,136.02,0.1155
2024-11-02,1,3,35,22,21,287.057,0.0665
2024-11-03,1,3,35,16,15,216.981,0.0826
2024-11-04,1,3,40,32,30,466.697,0.0621
2024-11-05,1,3,40,23,21,290.06,0.068
2024-11-06,1,3,40,18,16,250.342,0.0967
2024-11-07,1,3,40,17,16,219.748,0.0879
2024-11-08,1,3,40,18,16,204.696,0.11
2024-11-09,1,3,35,20,18,228.719,0.0818
2024-11-10,1,3,35,23,20,213.518,0.1111
2024-11-11,1,3,40,18,16,189.364,0.0855
2024-11-12,1,3,40,27,25,356.549,0.0799
2024-11-13,1,3,40,20,19,270.399,0.0741
2024-11-14,1,3,40,18,16,252.378,0.107
2024-11-15,1,3,40,14,12,200.353,0.1123
2024-11-16,1,3,35,21,19,247.678,0.0844
2024-11-17,1,3,35,18,17,195.245,0.0813
2024-11-18,1,3,40,20,18,228.25,0.1125
2024-11-19,1,3,40,16,15,226.134,0.0644
2024-11-20,1,3,40,16,15,198.271,0.0731
2024-11-21,1,3,40,24,22,334.557,0.0722
2024-11-22,1,3,40,22,21,249.735,0.0495
2024-11-23,1,3,35,17,16,232.666,0.0423
2024-11-24,1,3,35,16,15,242.967,0.0704
2024-11-25,1,3,40,15,14,200.19,0.0842
2024-11-26,1,3,40,17,16,196.406,0.0758
2024-11-27,1,3,40,16,14,181.155,0.116
2024-11-28,1,3,40,20,18,286.277,0.0962
2024-11-29,1,3,40,22,20,334.21,0.0832
2024-11-30,1,3,35,18,17,227.007,0.0461
2024-12-01,1,3,35,20,18,329.328,0.0937
2024-12-02,1,3,40,27,26,374.139,0.0554
2024-12-03,1,3,40,16,14,221.697,0.1214
2024-12-04,1,3,40,23,21,347.599,0.0692
2024-12-05,1,3,40,17,15,175.094,0.0955
2024-12-06,1,3,40,21,19,300.567,0.096
2024-12-07,1,3,35,26,25,431.201,0.0542
2024-12-08,1,3,35,20,17,242.052,0.1283
2024-12-09,1,3,40,26,25,330.135,0.0333
2024-12-10,1,3,40,16,14,257.659,0.1182
2024-12-11,1,3,40,27,24,382.51,0.101
2024-12-12,1,3,40,19,17,274.954,0.1032
2024-12-13,1,3,40,16,15,200.681,0.0778
2024-12-14,1,3,35,26,24,377.522,0.0957
2024-12-15,1,3,35,21,19,293.239,0.0855
2024-12-16,1,3,40,22,20,319.197,0.1025
2024-12-17,1,3,40,35,32,459.203,0.0862
2024-12-18,1,3,40,24,22,237.313,0.0886
2024-12-19,1,3,40,23,20,303.954,0.1193
2024-12-20,1,3,40,19,18,215.919,0.0442
2024-12-21,1,3,35,23,21,239.323,0.092
2024-12-22,1,3,35,25,22,335.711,0.1133
2024-12-23,1,3,40,21,19,240.44,0.1012
2024-12-24,1,3,40,28,26,289.514,0.0863
2024-12-25,1,3,40,24,21,355.146,0.1128
2024-12-26,1,3,40,21,20,280.321,0.0498
2024-12-27,1,3,40,28,26,356.317,0.0652
2024-12-28,1,3,35,33,31,468.012,0.0607
2024-12-29,1,3,35,17,15,216.811,0.1019
2024-12-30,1,3,40,31,28,457.669,0.0966
2024-12-31,1,3,40,33,29,420.51,0.1088
2025-01-01,1,3,40,18,16,289.3,0.1136
2025-01-02,1,3,40,26,24,351.747,0.0908
2025-01-03,1,3,40,32,30,359.024,0.0737
2025-01-04,1,3,35,20,18,279.764,0.1198
2025-01-05,1,3,35,31,28,351.687,0.1069
2025-01-06,1,3,40,17,16,235.538,0.0391
2025-01-07,1,3,40,30,27,458.954,0.1161
2025-01-08,1,3,40,24,21,285.579,0.1259
2025-01-09,1,3,40,22,20,285.93,0.0748
2025-01-10,1,3,40,33,31,426.821,0.0698
2025-01-11,1,3,35,23,21,277.827,0.0944
2025-01-12,1,3,35,25,23,337.706,0.0642
2025-01-13,1,3,40,26,24,335.644,0.0956
2025-01-14,1,3,40,32,29,446.388,0.1039
2025-01-15,1,3,40,18,16,232.341,0.0906
2025-01-16,1,3,40,24,23,334.568,0.0599
2025-01-17,1,3,40,27,24,272.932,0.103
2025-01-18,1,3,35,20,18,242.362,0.094
2025-01-19,1,3,35,23,22,280.183,0.0418
2025-01-20,1,3,40,21,19,297.386,0.1008
2025-01-21,1,3,40,44,41,457.531,0.0726
2025-01-22,1,3,40,26,24,357.266,0.0959
2025-01-23,1,3,40,36,33,424.006,0.0758
2025-01-24,1,3,40,22,21,291.723,0.06
2025-01-25,1,3,35,33,29,470.475,0.1097
2025-01-26,1,3,35,23,21,307.454,0.0759
2025-01-27,1,3,40,26,24,298.163,0.0874
2025-01-28,1,3,40,30,27,454.957,0.1072
2025-01-29,1,3,40,28,26,383.337,0.0611
2025-01-30,1,3,40,28,25,398.342,0.0956
2025-01-31,1,3,40,32,29,473.879,0.0844
2025-02-01,1,3,35,31,28,346.143,0.1108
2025-02-02,1,3,35,31,29,376.632,0.0749
2025-02-03,1,3,40,26,24,316.027,0.0841
2025-02-04,1,3,40,29,24,379.264,0.1656
2025-02-05,1,3,40,23,20,314.964,0.1194
2025-02-06,1,3,40,27,24,320.111,0.104
2025-02-07,1,3,40,34,31,406.336,0.0905
2025-02-08,1,3,35,34,31,477.086,0.09
2025-02-09,1,3,35,22,20,294.404,0.0813
2025-02-10,1,3,40,37,35,542.197,0.0583
2025-02-11,1,3,40,37,34,475.223,0.0849
2025-02-12,1,3,40,29,25,412.276,0.1366
2025-02-13,1,3,40,31,27,449.779,0.1132
2025-02-14,1,3,40,27,25,340.58,0.0771
2025-02-15,1,3,35,26,24,301.199,0.0633
2025-02-16,1,3,35,29,26,373.675,0.1097
2025-02-17,1,3,40,36,33,358.013,0.0722
2025-02-18,1,3,40,44,39,599.766,0.1114
2025-02-19,1,3,40,30,28,404.345,0.0521
2025-02-20,1,3,40,35,30,408.164,0.1423
2025-02-21,1,3,40,25,23,334.02,0.0926
2025-02-22,1,3,35,20,18,256.916,0.0766
2025-02-23,1,3,35,31,27,476.211,0.1208
2025-02-24,1,3,40,34,31,404.068,0.0994
2025-02-25,1,3,40,46,42,498.264,0.094
2025-02-26,1,3,40,28,25,333.455,0.107
2025-02-27,1,3,40,27,25,403.103,0.0832
2025-02-28,1,3,40,22,20,259.874,0.0791
2025-03-01,1,3,35,34,30,466.728,0.1217
2025-03-02,1,3,35,30,26,411.866,0.1391
2025-03-03,1,3,40,33,29,384.663,0.1246
2025-03-04,1,3,40,33,30,476.975,0.0933
2025-03-05,1,3,40,33,30,325.597,0.0844
2025-03-06,1,3,40,32,31,372.166,0.0264
2025-03-07,1,3,40,28,26,323.454,0.088
2025-03-08,1,3,35,34,31,415.039,0.0935
2025-03-09,1,3,35,18,16,249.185,0.1201
2025-03-10,1,3,40,35,33,418.808,0.0501
2025-03-11,1,3,40,39,35,575.389,0.0973
2025-03-12,1,3,40,29,27,335.622,0.0654
2025-03-13,1,3,40,21,20,279.418,0.0539
2025-03-14,1,3,40,31,28,353.99,0.0976
2025-03-15,1,3,35,32,29,407.892,0.1058
2025-03-16,1,3,35,30,27,368.805,0.0885
2025-03-17,1,3,40,39,34,578.364,0.1205
2025-03-18,1,3,40,37,34,411.891,0.075
2025-03-19,1,3,40,31,29,369.959,0.0671
2025-03-20,1,3,40,39,34,501.091,0.1238
2025-03-21,1,3,40,30,26,392.573,0.1274
2025-03-22,1,3,35,24,22,324.661,0.0987
2025-03-23,1,3,35,27,26,259.682,0.0514
2025-03-24,1,3,40,28,25,352.344,0.0925
2025-03-25,1,3,40,36,32,426.628,0.1028
2025-03-26,1,3,40,28,25,400.017,0.0945
2025-03-27,1,3,40,37,34,516.276,0.0936
2025-03-28,1,3,40,29,27,392.58,0.0702
2025-03-29,1,3,35,33,31,432.175,0.0553
2025-03-30,1,3,35,22,20,275.603,0.072
2025-03-31,1,3,40,32,29,396.162,0.0828
2025-04-01,1,3,40,23,21,283.995,0.0836
2025-04-02,1,3,40,34,31,497.377,0.0896
2025-04-03,1,3,40,32,30,426.953,0.0774
2025-04-04,1,3,40,27,24,334.978,0.1015
2025-04-05,1,3,35,31,29,417.447,0.0647
2025-04-06,1,3,35,27,23,381.825,0.1503
2025-04-07,1,3,40,32,28,447.907,0.1159
2025-04-08,1,3,40,22,21,262.048,0.0516
2025-04-09,1,3,40,25,23,281.218,0.0768
2025-04-10,1,3,40,36,33,480.689,0.0869
2025-04-11,1,3,40,29,26,359.648,0.0874
2025-04-12,1,3,35,22,20,298.562,0.0913
2025-04-13,1,3,35,22,21,236.144,0.0625
2025-04-14,1,3,40,34,31,516.42,0.0748
2025-04-15,1,3,40,33,30,490.925,0.0765
2025-04-16,1,3,40,39,36,568.143,0.0726
2025-04-17,1,3,40,32,29,394.787,0.0938
2025-04-18,1,3,40,30,27,389.275,0.0921
2025-04-19,1,3,35,27,25,375.324,0.0834
2025-04-20,1,3,35,25,22,338.075,0.1084
2025-04-21,1,3,40,41,39,540.7,0.0504
2025-04-22,1,3,40,40,38,562.14,0.0505
2025-04-23,1,3,40,31,27,530.682,0.137
2025-04-24,1,3,40,27,24,324.557,0.0954
2025-04-25,1,3,40,31,28,452.765,0.1029
2025-04-26,1,3,35,25,22,330.939,0.1039
2025-04-27,1,3,35,31,29,392.857,0.0777
2025-04-28,1,3,40,48,44,614.357,0.0778
2025-04-29,1,3,40,32,29,325.819,0.108
2025-04-30,1,3,40,28,25,391.705,0.0979
2025-05-01,1,3,40,28,26,281.203,0.0857
2025-05-02,1,3,40,26,24,337.402,0.0829
2025-05-03,1,3,35,39,34,577.995,0.1205
2025-05-04,1,3,35,17,16,206.421,0.0519
2025-05-05,1,3,40,42,39,671.202,0.0703
2025-05-06,1,3,40,37,33,520.83,0.1103
2025-05-07,1,3,40,32,30,350.197,0.0691
2025-05-08,1,3,40,37,33,463.429,0.1155
2025-05-09,1,3,40,32,29,387.112,0.1004
2025-05-10,1,3,35,36,34,480.116,0.0441
2025-05-11,1,3,35,21,19,233.198,0.1026
2025-05-12,1,3,40,21,20,266.951,0.0635
2025-05-13,1,3,40,24,22,333.665,0.0877
2025-05-14,1,3,40,30,28,361.47,0.0598
2025-05-15,1,3,40,22,20,278.109,0.0875
2025-05-16,1,3,40,16,15,198.39,0.0798
2025-05-17,1,3,35,23,21,305.306,0.0973
2025-05-18,1,3,35,20,18,294.159,0.0877
2025-05-19,1,3,40,35,30,604.901,0.1341
2025-05-20,1,3,40,28,26,347.871,0.0848
2025-05-21,1,3,40,15,14,194.423,0.0964
2025-05-22,1,3,40,41,39,527.606,0.0546
2025-05-23,1,3,40,24,23,332.041,0.0461
2025-05-24,1,3,35,21,20,278.556,0.0565
2025-05-25,1,3,35,20,19,238.287,0.0542
2025-05-26,1,3,40,20,18,293.984,0.1001
2025-05-27,1,3,40,24,22,369.688,0.0941
2025-05-28,1,3,40,32,28,352.464,0.1184
2025-05-29,1,3,40,27,24,329.066,0.1134
2025-05-30,1,3,40,27,25,323.549,0.0892
2025-05-31,1,3,35,30,27,414.133,0.1029
2025-06-01,1,3,35,33,30,412.062,0.094
2025-06-02,1,3,40,28,26,422.618,0.076
2025-06-03,1,3,40,28,26,273.517,0.0746
2025-06-04,1,3,40,25,24,370.147,0.043
2025-06-05,1,3,40,16,15,239.317,0.0504
2025-06-06,1,3,40,29,27,322.551,0.0671
2025-06-07,1,3,35,41,36,550.042,0.1273
2025-06-08,1,3,35,31,27,411.682,0.1321
2025-06-09,1,3,40,31,29,326.881,0.0624
2025-06-10,1,3,40,33,32,488.713,0.0297
2025-06-11,1,3,40,22,20,279.071,0.0801
2025-06-12,1,3,40,22,20,280.738,0.0746
2025-06-13,1,3,40,28,26,410.311,0.0619
2025-06-14,1,3,35,31,28,462.871,0.1102
2025-06-15,1,3,35,20,17,225.692,0.1253
2025-06-16,1,3,40,37,34,394.626,0.0709
2025-06-17,1,3,40,34,30,473.049,0.1128
2025-06-18,1,3,40,21,19,243.665,0.1136
2025-06-19,1,3,40,31,28,369.735,0.1114
2025-06-20,1,3,40,31,28,420.206,0.0877
2025-06-21,1,3,35,27,25,415.328,0.0831
2025-06-22,1,3,35,21,19,243.695,0.0826
2025-06-23,1,3,40,22,20,271.04,0.1131
2024-01-01,2,1,45,34,31,297.062,0.0901
2024-01-02,2,1,45,33,29,213.501,0.1122
2024-01-03,2,1,45,21,20,268.153,0.0684
2024-01-04,2,1,45,25,22,242.242,0.1118
2024-01-05,2,1,45,32,29,285.604,0.0957
2024-01-06,2,1,40,30,29,375.785,0.0413
2024-01-07,2,1,40,14,13,136.728,0.0892
2024-01-08,2,1,45,30,27,340.968,0.0849
2024-01-09,2,1,45,24,22,232.438,0.0999
2024-01-10,2,1,45,20,18,204.555,0.1141
2024-01-11,2,1,45,24,23,241.249,0.0567
2024-01-12,2,1,45,28,26,184.198,0.0843
2024-01-13,2,1,40,20,19,201.409,0.0687
2024-01-14,2,1,40,18,16,151.023,0.1056
2024-01-15,2,1,45,33,31,389.029,0.0499
2024-01-16,2,1,45,21,20,205.551,0.0604
2024-01-17,2,1,45,24,22,168.652,0.0803
2024-01-18,2,1,45,25,23,220.023,0.0987
2024-01-19,2,1,45,18,17,186.453,0.0661
2024-01-20,2,1,40,27,25,248.683,0.0823
2024-01-21,2,1,40,19,17,169.71,0.0799
2024-01-22,2,1,45,26,24,240.036,0.0604
2024-01-23,2,1,45,32,29,306.344,0.1006
2024-01-24,2,1,45,24,23,217.904,0.0461
2024-01-25,2,1,45,32,29,282.4,0.0909
2024-01-26,2,1,45,22,21,126.775,0.0479
2024-01-27,2,1,40,30,28,256.523,0.083
2024-01-28,2,1,40,27,25,258.332,0.0886
2024-01-29,2,1,45,30,27,281.679,0.097
2024-01-30,2,1,45,33,29,361.372,0.1303
2024-01-31,2,1,45,35,32,273.135,0.0926
2024-02-01,2,1,45,31,28,326.425,0.101
2024-02-02,2,1,45,32,29,255.794,0.0856
2024-02-03,2,1,40,27,25,247.407,0.0865
2024-02-04,2,1,40,22,20,304.276,0.0971
2024-02-05,2,1,45,43,37,371.68,0.143
2024-02-06,2,1,45,32,29,309.365,0.0869
2024-02-07,2,1,45,26,23,253.03,0.109
2024-02-08,2,1,45,31,29,352.918,0.0725
2024-02-09,2,1,45,26,23,267.282,0.1025
2024-02-10,2,1,40,26,24,270.615,0.0876
2024-02-11,2,1,40,28,26,222.725,0.0724
2024-02-12,2,1,45,45,40,393.334,0.1068
2024-02-13,2,1,45,40,37,386.046,0.0769
2024-02-14,2,1,45,30,26,203.972,0.1418
2024-02-15,2,1,45,28,26,254.428,0.0856
2024-02-16,2,1,45,24,21,268.012,0.1057
2024-02-17,2,1,40,29,27,266.042,0.0698
2024-02-18,2,1,40,20,19,182.975,0.0578
2024-02-19,2,1,45,16,14,153.708,0.1073
2024-02-20,2,1,45,33,29,431.073,0.1318
2024-02-21,2,1,45,36,34,242.038,0.0576
2024-02-22,2,1,45,32,29,284.654,0.0896
2024-02-23,2,1,45,25,24,247.29,0.0489
2024-02-24,2,1,40,23,19,217.133,0.1614
2024-02-25,2,1,40,26,23,226.02,0.0994
2024-02-26,2,1,45,44,40,382.715,0.1009
2024-02-27,2,1,45,27,25,223.059,0.0849
2024-02-28,2,1,45,33,29,330.29,0.1349
2024-02-29,2,1,45,28,24,280.01,0.1321
2024-03-01,2,1,45,25,23,209.374,0.0818
2024-03-02,2,1,40,29,26,238.106,0.096
2024-03-03,2,1,40,30,27,280.805,0.0934
2024-03-04,2,1,45,39,35,357.895,0.1084
2024-03-05,2,1,45,30,27,280.985,0.0852
2024-03-06,2,1,45,28,25,196.195,0.1046
2024-03-07,2,1,45,27,24,265.033,0.1005
2024-03-08,2,1,45,28,24,286.938,0.1279
2024-03-09,2,1,40,40,37,393.65,0.0873
2024-03-10,2,1,40,34,30,249.621,0.1262
2024-03-11,2,1,45,26,24,274.752,0.0766
2024-03-12,2,1,45,46,42,410.105,0.093
2024-03-13,2,1,45,22,20,167.717,0.1043
2024-03-14,2,1,45,30,26,302.681,0.1188
2024-03-15,2,1,45,22,21,180.123,0.0635
2024-03-16,2,1,40,23,21,207.171,0.082
2024-03-17,2,1,40,15,14,121.731,0.0986
2024-03-18,2,1,45,24,20,181.459,0.1547
2024-03-19,2,1,45,30,27,289.517,0.09
2024-03-20,2,1,45,30,27,221.854,0.0955
2024-03-21,2,1,45,29,26,151.782,0.1182
2024-03-22,2,1,45,35,32,366.671,0.0915
2024-03-23,2,1,40,19,17,185.126,0.0927
2024-03-24,2,1,40,26,24,214.914,0.0768
2024-03-25,2,1,45,32,29,336.016,0.0824
2024-03-26,2,1,45,40,36,451.056,0.1077
2024-03-27,2,1,45,27,25,318.018,0.0786
2024-03-28,2,1,45,29,27,309.776,0.0801
2024-03-29,2,1,45,24,22,225.73,0.0849
2024-03-30,2,1,40,30,27,303.408,0.0939
2024-03-31,2,1,40,27,24,325.535,0.1078
2024-04-01,2,1,45,36,33,271.799,0.0785
2024-04-02,2,1,45,27,25,199.71,0.0828
2024-04-03,2,1,45,27,24,293.148,0.1203
2024-04-04,2,1,45,32,30,329.191,0.0488
2024-04-05,2,1,45,23,21,265.273,0.0923
2024-04-06,2,1,40,26,23,261.518,0.0965
2024-04-07,2,1,40,31,28,248.491,0.1118
2024-04-08,2,1,45,30,27,243.21,0.1033
2024-04-09,2,1,45,35,32,304.338,0.0998
2024-04-10,2,1,45,34,31,300.16,0.0872
2024-04-11,2,1,45,33,29,354.93,0.1215
2024-04-12,2,1,45,38,35,311.763,0.0753
2024-04-13,2,1,40,38,34,459.913,0.1011
2024-04-14,2,1,40,28,26,298.256,0.0863
2024-04-15,2,1,45,35,31,338.623,0.1042
2024-04-16,2,1,45,40,35,361.482,0.1165
2024-04-17,2,1,45,26,24,229.417,0.0713
2024-04-18,2,1,45,30,27,258.193,0.0922
2024-04-19,2,1,45,34,31,287.183,0.0844
2024-04-20,2,1,40,31,30,293.844,0.0445
2024-04-21,2,1,40,29,26,337.469,0.0927
2024-04-22,2,1,45,39,35,377.449,0.1063
2024-04-23,2,1,45,34,31,330.634,0.0769
2024-04-24,2,1,45,27,25,264.4,0.0632
2024-04-25,2,1,45,19,17,204.537,0.0897
2024-04-26,2,1,45,32,30,290.376,0.067
2024-04-27,2,1,40,21,18,217.834,0.1306
2024-04-28,2,1,40,30,28,307.85,0.0774
2024-04-29,2,1,45,31,28,342.843,0.1031
2024-04-30,2,1,45,33,30,297.56,0.0873
2024-05-01,2,1,45,32,31,363.222,0.0317
2024-05-02,2,1,45,36,34,289.792,0.0648
2024-05-03,2,1,45,30,26,338.84,0.1254
2024-05-04,2,1,40,28,25,329.188,0.1013
2024-05-05,2,1,40,19,17,133.632,0.1163
2024-05-06,2,1,45,32,30,412.38,0.0549
2024-05-07,2,1,45,28,25,319.945,0.106
2024-05-08,2,1,45,34,30,332.99,0.1097
2024-05-09,2,1,45,26,24,243.303,0.0913
2024-05-10,2,1,45,27,24,340.416,0.1228
2024-05-11,2,1,40,32,29,257.379,0.0831
2024-05-12,2,1,40,34,31,468.752,0.0752
2024-05-13,2,1,45,37,33,369.385,0.1008
2024-05-14,2,1,45,33,31,308.096,0.0676
2024-05-15,2,1,45,25,23,297.044,0.0642
2024-05-16,2,1,45,34,30,390.155,0.1119
2024-05-17,2,1,45,28,26,293.857,0.0769
2024-05-18,2,1,40,31,28,334.057,0.0889
2024-05-19,2,1,40,30,26,261.672,0.1259
2024-05-20,2,1,45,30,27,248.949,0.102
2024-05-21,2,1,45,38,34,414.978,0.1077
2024-05-22,2,1,45,37,33,215.163,0.1048
2024-05-23,2,1,45,22,20,210.813,0.0896
2024-05-24,2,1,45,31,28,320.905,0.0976
2024-05-25,2,1,40,33,29,274.478,0.1177
2024-05-26,2,1,40,29,27,352.078,0.0532
2024-05-27,2,1,45,32,29,290.855,0.0834
2024-05-28,2,1,45,26,23,262.774,0.1126
2024-05-29,2,1,45,21,19,219.374,0.0778
2024-05-30,2,1,45,29,27,297.412,0.0646
2024-05-31,2,1,45,32,30,295.116,0.0757
2024-06-01,2,1,40,22,21,145.361,0.0681
2024-06-02,2,1,40,27,25,237.112,0.0921
2024-06-03,2,1,45,31,30,414.427,0.0446
2024-06-04,2,1,45,36,33,301.05,0.0865
2024-06-05,2,1,45,22,19,196.343,0.1345
2024-06-06,2,1,45,24,22,255.897,0.0704
2024-06-07,2,1,45,22,20,198.468,0.0885
2024-06-08,2,1,40,17,15,175.264,0.1312
2024-06-09,2,1,40,23,20,202.724,0.1167
2024-06-10,2,1,45,29,26,275.944,0.1051
2024-06-11,2,1,45,29,25,260.867,0.1238
2024-06-12,2,1,45,32,29,313.999,0.0889
2024-06-13,2,1,45,27,24,237.513,0.0964
2024-06-14,2,1,45,25,23,267.955,0.0749
2024-06-15,2,1,40,20,17,203.185,0.1521
2024-06-16,2,1,40,32,30,269.111,0.0719
2024-06-17,2,1,45,34,32,379.093,0.0668
2024-06-18,2,1,45,29,26,221.022,0.1024
2024-06-19,2,1,45,17,16,126.53,0.0592
2024-06-20,2,1,45,23,21,187.987,0.1058
2024-06-21,2,1,45,22,19,216.866,0.1291
2024-06-22,2,1,40,26,24,252.152,0.0909
2024-06-23,2,1,40,18,16,152.046,0.1304
2024-06-24,2,1,45,30,27,284.637,0.0843
2024-06-25,2,1,45,32,30,288.841,0.0756
2024-06-26,2,1,45,19,17,213.221,0.11
2024-06-27,2,1,45,26,24,304.723,0.0597
2024-06-28,2,1,45,20,18,132.722,0.0875
2024-06-29,2,1,40,34,31,398.135,0.1008
2024-06-30,2,1,40,12,11,120.188,0.0625
2024-07-01,2,1,45,30,26,282.604,0.1316
2024-07-02,2,1,45,30,28,273.542,0.0693
2024-07-03,2,1,45,28,26,230.602,0.0604
2024-07-04,2,1,45,28,25,338.822,0.0907
2024-07-05,2,1,45,26,24,307.983,0.0797
2024-07-06,2,1,40,23,20,248.407,0.112
2024-07-07,2,1,40,23,20,250.391,0.1109
2024-07-08,2,1,45,25,22,172.569,0.1392
2024-07-09,2,1,45,25,23,257.28,0.0937
2024-07-10,2,1,45,22,20,222.272,0.1077
2024-07-11,2,1,45,24,22,199.606,0.0812
2024-07-12,2,1,45,18,16,164.764,0.1103
2024-07-13,2,1,40,18,16,152.781,0.1197
2024-07-14,2,1,40,19,16,181.627,0.1492
2024-07-15,2,1,45,26,24,262.755,0.0587
2024-07-16,2,1,45,26,23,238.627,0.1064
2024-07-17,2,1,45,21,19,205.366,0.0899
2024-07-18,2,1,45,18,16,190.631,0.1186
2024-07-19,2,1,45,20,18,222.931,0.1045
2024-07-20,2,1,40,27,25,233.541,0.0745
2024-07-21,2,1,40,17,15,185.227,0.1279
2024-07-22,2,1,45,16,14,146.289,0.1125
2024-07-23,2,1,45,23,21,184.268,0.0768
2024-07-24,2,1,45,17,15,212.513,0.0927
2024-07-25,2,1,45,25,22,299.597,0.1292
2024-07-26,2,1,45,24,22,231.059,0.0635
2024-07-27,2,1,40,29,26,306.528,0.0876
2024-07-28,2,1,40,17,16,169.676,0.0551
2024-07-29,2,1,45,23,22,232.403,0.0568
2024-07-30,2,1,45,26,22,222.164,0.1524
2024-07-31,2,1,45,22,20,220.871,0.0882
2024-08-01,2,1,45,25,22,246.396,0.1144
2024-08-02,2,1,45,14,13,114.762,0.0953
2024-08-03,2,1,40,19,18,185.051,0.0549
2024-08-04,2,1,40,23,21,221.164,0.1036
2024-08-05,2,1,45,24,21,246.552,0.1284
2024-08-06,2,1,45,22,20,181.664,0.1091
2024-08-07,2,1,45,16,15,201.045,0.0507
2024-08-08,2,1,45,21,19,260.039,0.0741
2024-08-09,2,1,45,22,20,172.371,0.0753
2024-08-10,2,1,40,36,33,304.73,0.0724
2024-08-11,2,1,40,26,23,294.76,0.1188
2024-08-12,2,1,45,16,14,164.036,0.1306
2024-08-13,2,1,45,28,25,301.512,0.1138
2024-08-14,2,1,45,22,20,178.55,0.0761
2024-08-15,2,1,45,14,13,118.987,0.0973
2024-08-16,2,1,45,10,9,76.178,0.0854
2024-08-17,2,1,40,23,21,277.475,0.0992
2024-08-18,2,1,40,18,15,157.523,0.1447
2024-08-19,2,1,45,28,25,303.582,0.1163
2024-08-20,2,1,45,24,23,219.352,0.0538
2024-08-21,2,1,45,16,14,134.734,0.098
2024-08-22,2,1,45,14,13,158.761,0.0843
2024-08-23,2,1,45,18,17,191.161,0.0803
2024-08-24,2,1,40,14,13,117.631,0.0769
2024-08-25,2,1,40,19,18,161.627,0.0772
2024-08-26,2,1,45,23,22,204.367,0.058
2024-08-27,2,1,45,23,20,244.783,0.1171
2024-08-28,2,1,45,18,17,211.12,0.0576
2024-08-29,2,1,45,15,14,136.702,0.0782
2024-08-30,2,1,45,22,20,186.575,0.0811
2024-08-31,2,1,40,20,18,177.063,0.0806
2024-09-01,2,1,40,19,17,219.367,0.1057
2024-09-02,2,1,45,16,15,184.213,0.0566
2024-09-03,2,1,45,22,20,203.109,0.0877
2024-09-04,2,1,45,17,15,170.365,0.0907
2024-09-05,2,1,45,16,15,140.841,0.0669
2024-09-06,2,1,45,18,17,197.161,0.0556
2024-09-07,2,1,40,12,11,179.362,0.0893
2024-09-08,2,1,40,16,14,184.981,0.103
2024-09-09,2,1,45,21,19,224.992,0.0779
2024-09-10,2,1,45,28,24,319.7,0.135
2024-09-11,2,1,45,21,19,265.272,0.1107
2024-09-12,2,1,45,15,14,156.487,0.0848
2024-09-13,2,1,45,16,15,132.82,0.0427
2024-09-14,2,1,40,11,10,103.853,0.0938
2024-09-15,2,1,40,16,15,162.207,0.0564
2024-09-16,2,1,45,18,17,156.175,0.0667
2024-09-17,2,1,45,16,15,150.222,0.0455
2024-09-18,2,1,45,14,13,95.259,0.0864
2024-09-19,2,1,45,21,19,172.251,0.0848
2024-09-20,2,1,45,10,9,67.638,0.1021
2024-09-21,2,1,40,9,8,122.501,0.1237
2024-09-22,2,1,40,15,15,153.909,0.0324
2024-09-23,2,1,45,18,16,180.945,0.1184
2024-09-24,2,1,45,25,23,297.016,0.0785
2024-09-25,2,1,45,15,14,141.368,0.0665
2024-09-26,2,1,45,23,22,232.119,0.0549
2024-09-27,2,1,45,16,15,176.497,0.0594
2024-09-28,2,1,40,15,13,148.469,0.1002
2024-09-29,2,1,40,18,16,276.413,0.089
2024-09-30,2,1,45,21,19,213.674,0.116
2024-10-01,2,1,45,27,25,301.518,0.0879
2024-10-02,2,1,45,14,13,155.956,0.0887
2024-10-03,2,1,45,20,19,169.04,0.0654
2024-10-04,2,1,45,17,15,137.657,0.096
2024-10-05,2,1,40,20,18,156.903,0.0821
2024-10-06,2,1,40,9,8,75.634,0.0712
2024-10-07,2,1,45,13,11,120.51,0.1157
2024-10-08,2,1,45,33,30,244.898,0.0838
2024-10-09,2,1,45,14,13,148.399,0.0798
2024-10-10,2,1,45,23,21,237.065,0.1013
2024-10-11,2,1,45,21,19,191.046,0.1102
2024-10-12,2,1,40,29,26,296.716,0.1047
2024-10-13,2,1,40,19,17,189.693,0.1095
2024-10-14,2,1,45,23,21,164.044,0.0683
2024-10-15,2,1,45,16,14,169.226,0.102
2024-10-16,2,1,45,14,13,146.425,0.0871
2024-10-17,2,1,45,22,20,215.915,0.1045
2024-10-18,2,1,45,19,18,229.683,0.0649
2024-10-19,2,1,40,21,19,213.334,0.0734
2024-10-20,2,1,40,20,18,140.595,0.114
2024-10-21,2,1,45,23,21,176.33,0.0963
2024-10-22,2,1,45,17,16,162.956,0.0767
2024-10-23,2,1,45,25,23,231.235,0.0779
2024-10-24,2,1,45,20,19,152.194,0.0511
2024-10-25,2,1,45,15,13,159.552,0.1106
2024-10-26,2,1,40,17,15,191.506,0.1133
2024-10-27,2,1,40,9,8,87.515,0.0806
2024-10-28,2,1,45,18,17,176.935,0.0589
2024-10-29,2,1,45,17,15,149.608,0.1408
2024-10-30,2,1,45,10,9,89.269,0.1222
2024-10-31,2,1,45,14,13,140.319,0.0714
2024-11-01,2,1,45,22,20,224.848,0.0992
2024-11-02,2,1,40,21,19,202.887,0.0878
2024-11-03,2,1,40,18,16,174.186,0.1162
2024-11-04,2,1,45,23,20,190.66,0.1103
2024-11-05,2,1,45,22,19,172.09,0.136
2024-11-06,2,1,45,19,17,209.199,0.0901
2024-11-07,2,1,45,28,25,305.139,0.0974
2024-11-08,2,1,45,15,13,130.295,0.1211
2024-11-09,2,1,40,16,14,160.803,0.1132
2024-11-10,2,1,40,13,12,129.987,0.0542
2024-11-11,2,1,45,21,19,215.33,0.1004
2024-11-12,2,1,45,20,19,140.238,0.0729
2024-11-13,2,1,45,18,17,175.253,0.066
2024-11-14,2,1,45,24,22,204.418,0.0779
2024-11-15,2,1,45,22,20,172.81,0.1058
2024-11-16,2,1,40,25,24,303.646,0.0588
2024-11-17,2,1,40,15,14,158.233,0.0758
2024-11-18,2,1,45,27,24,274.867,0.1032
2024-11-19,2,1,45,21,20,218.401,0.0529
2024-11-20,2,1,45,16,15,146.549,0.0907
2024-11-21,2,1,45,18,16,203.308,0.1003
2024-11-22,2,1,45,22,20,106.553,0.0732
2024-11-23,2,1,40,26,23,179.026,0.1141
2024-11-24,2,1,40,20,18,136.511,0.0882
2024-11-25,2,1,45,18,16,137.879,0.0993
2024-11-26,2,1,45,22,21,207.445,0.0587
2024-11-27,2,1,45,16,15,154.876,0.0907
2024-11-28,2,1,45,28,26,186.199,0.083
2024-11-29,2,1,45,26,24,242.848,0.0756
2024-11-30,2,1,40,21,19,190.031,0.0984
2024-12-01,2,1,40,23,21,283.464,0.095
2024-12-02,2,1,45,23,21,219.584,0.0869
2024-12-03,2,1,45,22,19,171.528,0.1213
2024-12-04,2,1,45,26,24,174.503,0.0961
2024-12-05,2,1,45,35,32,336.303,0.0829
2024-12-06,2,1,45,17,16,136.952,0.0674
2024-12-07,2,1,40,27,24,263.801,0.102
2024-12-08,2,1,40,17,15,152.935,0.1142
2024-12-09,2,1,45,21,18,193.343,0.1422
2024-12-10,2,1,45,23,21,193.124,0.1004
2024-12-11,2,1,45,23,22,193.455,0.0402
2024-12-12,2,1,45,23,21,186.314,0.1055
2024-12-13,2,1,45,23,20,198.906,0.1203
2024-12-14,2,1,40,24,23,161.68,0.0533
2024-12-15,2,1,40,28,24,216.57,0.158
2024-12-16,2,1,45,22,20,226.774,0.079
2024-12-17,2,1,45,18,16,244.102,0.1007
2024-12-18,2,1,45,23,21,201.004,0.0974
2024-12-19,2,1,45,30,27,264.741,0.1095
2024-12-20,2,1,45,15,14,143.134,0.0972
2024-12-21,2,1,40,17,15,200.432,0.1203
2024-12-22,2,1,40,21,18,201.917,0.1308
2024-12-23,2,1,45,28,26,247.261,0.0818
2024-12-24,2,1,45,24,22,231.985,0.09
2024-12-25,2,1,45,26,23,331.468,0.1161
2024-12-26,2,1,45,15,14,105.131,0.0838
2024-12-27,2,1,45,20,18,162.751,0.1116
2024-12-28,2,1,40,21,19,223.698,0.0799
2024-12-29,2,1,40,28,26,239.415,0.0652
2024-12-30,2,1,45,17,16,166.879,0.0799
2024-12-31,2,1,45,34,31,365.257,0.0766
2025-01-01,2,1,45,29,26,300.544,0.1137
2025-01-02,2,1,45,30,28,282.275,0.0773
2025-01-03,2,1,45,20,18,164.765,0.0762
2025-01-04,2,1,40,19,16,144.476,0.1328
2025-01-05,2,1,40,24,21,305.233,0.12
2025-01-06,2,1,45,20,19,169.592,0.0568
2025-01-07,2,1,45,33,31,349.942,0.0651
2025-01-08,2,1,45,23,20,254.638,0.136
2025-01-09,2,1,45,28,25,164.73,0.1118
2025-01-10,2,1,45,17,16,189.513,0.0718
2025-01-11,2,1,40,24,21,235.985,0.1058
2025-01-12,2,1,40,20,19,200.675,0.0641
2025-01-13,2,1,45,29,26,236.793,0.0953
2025-01-14,2,1,45,27,25,204.068,0.0855
2025-01-15,2,1,45,28,24,295.382,0.1261
2025-01-16,2,1,45,22,20,142.31,0.1028
2025-01-17,2,1,45,28,24,213.382,0.1437
2025-01-18,2,1,40,26,24,231.264,0.0845
2025-01-19,2,1,40,23,21,165.593,0.1025
2025-01-20,2,1,45,30,26,282.553,0.1412
2025-01-21,2,1,45,36,33,187.322,0.0878
2025-01-22,2,1,45,22,20,204.836,0.0874
2025-01-23,2,1,45,22,21,195.154,0.0609
2025-01-24,2,1,45,26,24,226.433,0.0685
2025-01-25,2,1,40,30,27,293.96,0.0911
2025-01-26,2,1,40,20,18,207.041,0.1057
2025-01-27,2,1,45,23,20,261.576,0.1193
2025-01-28,2,1,45,21,19,194.748,0.0838
2025-01-29,2,1,45,23,21,222.462,0.0933
2025-01-30,2,1,45,17,15,173.593,0.11
2025-01-31,2,1,45,35,32,380.79,0.0998
2025-02-01,2,1,40,27,26,274.051,0.0524
2025-02-02,2,1,40,18,17,184.709,0.0742
2025-02-03,2,1,45,24,23,251.516,0.0526
2025-02-04,2,1,45,31,27,287.879,0.1405
2025-02-05,2,1,45,34,31,353.758,0.093
2025-02-06,2,1,45,29,26,324.845,0.0998
2025-02-07,2,1,45,31,28,271.13,0.0967
2025-02-08,2,1,40,27,25,265.261,0.0863
2025-02-09,2,1,40,23,21,241.101,0.0774
2025-02-10,2,1,45,38,32,283.103,0.147
2025-02-11,2,1,45,34,31,299.969,0.0835
2025-02-12,2,1,45,34,30,255.392,0.123
2025-02-13,2,1,45,34,32,346.952,0.0663
2025-02-14,2,1,45,27,25,210.579,0.0638
2025-02-15,2,1,40,27,23,290.976,0.1409
2025-02-16,2,1,40,31,28,237.547,0.0964
2025-02-17,2,1,45,38,34,271.622,0.1127
2025-02-18,2,1,45,26,23,273.485,0.1235
2025-02-19,2,1,45,20,18,235.406,0.1164
2025-02-20,2,1,45,29,26,285.559,0.1067
2025-02-21,2,1,45,24,23,285.5,0.0588
2025-02-22,2,1,40,26,24,228.609,0.058
2025-02-23,2,1,40,25,23,207.478,0.066
2025-02-24,2,1,45,33,30,286.327,0.0772
2025-02-25,2,1,45,33,30,240.321,0.0776
2025-02-26,2,1,45,20,18,185.76,0.1137
2025-02-27,2,1,45,35,30,353.31,0.1336
2025-02-28,2,1,45,26,24,200.254,0.085
2025-03-01,2,1,40,35,31,318.559,0.1049
2025-03-02,2,1,40,22,20,208.847,0.074
2025-03-03,2,1,45,35,31,433.961,0.1122
2025-03-04,2,1,45,30,28,346.339,0.0682
2025-03-05,2,1,45,27,26,274.802,0.0481
2025-03-06,2,1,45,29,26,324.583,0.1102
2025-03-07,2,1,45,34,30,360.479,0.1272
2025-03-08,2,1,40,31,29,323.021,0.0733
2025-03-09,2,1,40,14,13,154.706,0.0861
2025-03-10,2,1,45,49,45,587.593,0.085
2025-03-11,2,1,45,41,38,478.226,0.0782
2025-03-12,2,1,45,24,22,250.075,0.103
2025-03-13,2,1,45,31,29,360.865,0.0796
2025-03-14,2,1,45,27,26,360.085,0.0387
2025-03-15,2,1,40,26,23,259.724,0.1126
2025-03-16,2,1,40,30,29,270.96,0.0436
2025-03-17,2,1,45,43,40,492.768,0.0786
2025-03-18,2,1,45,25,23,262.595,0.099
2025-03-19,2,1,45,23,21,198.733,0.0799
2025-03-20,2,1,45,25,22,188.375,0.1193
2025-03-21,2,1,45,26,22,243.851,0.142
2025-03-22,2,1,40,34,32,316.837,0.0729
2025-03-23,2,1,40,18,17,141.4,0.0511
2025-03-24,2,1,45,34,30,325.872,0.1082
2025-03-25,2,1,45,33,31,224.206,0.0754
2025-03-26,2,1,45,32,29,260.589,0.0991
2025-03-27,2,1,45,32,28,287.428,0.1254
2025-03-28,2,1,45,33,30,227.58,0.0893
2025-03-29,2,1,40,38,35,348.369,0.0825
2025-03-30,2,1,40,39,37,474.825,0.0639
2025-03-31,2,1,45,32,29,333.88,0.0926
2025-04-01,2,1,45,33,31,297.877,0.0627
2025-04-02,2,1,45,28,25,264.277,0.105
2025-04-03,2,1,45,26,25,183.664,0.0477
2025-04-04,2,1,45,20,19,178.322,0.0658
2025-04-05,2,1,40,43,40,385.401,0.0776
2025-04-06,2,1,40,19,17,170.88,0.0916
2025-04-07,2,1,45,30,27,270.84,0.1028
2025-04-08,2,1,45,25,23,287.551,0.0796
2025-04-09,2,1,45,25,23,213.4,0.0981
2025-04-10,2,1,45,24,23,239.55,0.0563
2025-04-11,2,1,45,29,26,272.622,0.1002
2025-04-12,2,1,40,39,36,409.647,0.0838
2025-04-13,2,1,40,28,26,266.961,0.0806
2025-04-14,2,1,45,31,27,313.94,0.1214
2025-04-15,2,1,45,32,28,322.323,0.1198
2025-04-16,2,1,45,27,25,180.98,0.0796
2025-04-17,2,1,45,31,29,366.227,0.0719
2025-04-18,2,1,45,43,40,515.772,0.0589
2025-04-19,2,1,40,25,24,260.786,0.05
2025-04-20,2,1,40,20,18,196.704,0.1002
2025-04-21,2,1,45,33,31,294.447,0.0631
2025-04-22,2,1,45,36,34,330.141,0.0666
2025-04-23,2,1,45,30,26,248.625,0.1268
2025-04-24,2,1,45,28,26,276.321,0.088
2025-04-25,2,1,45,30,27,267.403,0.0853
2025-04-26,2,1,40,41,38,373.599,0.0695
2025-04-27,2,1,40,27,25,238.783,0.078
2025-04-28,2,1,45,28,25,252.021,0.0966
2025-04-29,2,1,45,33,30,383.541,0.0991
2025-04-30,2,1,45,23,21,216.551,0.0883
2025-05-01,2,1,45,26,24,263.173,0.0691
2025-05-02,2,1,45,19,17,260.349,0.1105
2025-05-03,2,1,40,25,23,232.787,0.0834
2025-05-04,2,1,40,32,28,303.457,0.1237
2025-05-05,2,1,45,34,30,288.299,0.1063
2025-05-06,2,1,45,28,26,334.588,0.0592
2025-05-07,2,1,45,25,22,304.386,0.1016
2025-05-08,2,1,45,23,20,200.492,0.1255
2025-05-09,2,1,45,39,35,370.508,0.0922
2025-05-10,2,1,40,20,18,234.72,0.0968
2025-05-11,2,1,40,27,25,303.494,0.0608
2025-05-12,2,1,45,31,30,331.479,0.0454
2025-05-13,2,1,45,31,29,305.457,0.0792
2025-05-14,2,1,45,22,19,197.964,0.1141
2025-05-15,2,1,45,26,24,206.662,0.0874
2025-05-16,2,1,45,37,32,411.257,0.1226
2025-05-17,2,1,40,23,21,178.627,0.0745
2025-05-18,2,1,40,19,16,178.485,0.1447
2025-05-19,2,1,45,30,28,241.141,0.0539
2025-05-20,2,1,45,34,30,311.008,0.1118
2025-05-21,2,1,45,31,28,289.782,0.1108
2025-05-22,2,1,45,24,22,252.776,0.0698
2025-05-23,2,1,45,14,13,161.873,0.1007
2025-05-24,2,1,40,29,27,361.791,0.081
2025-05-25,2,1,40,35,30,470.075,0.1304
2025-05-26,2,1,45,24,21,195.45,0.1104
2025-05-27,2,1,45,37,33,399.91,0.0947
2025-05-28,2,1,45,38,35,395.479,0.0891
2025-05-29,2,1,45,34,31,390.817,0.0805
2025-05-30,2,1,45,30,27,255.991,0.1035
2025-05-31,2,1,40,18,16,257.608,0.0911
2025-06-01,2,1,40,19,17,183.368,0.0796
2025-06-02,2,1,45,29,26,345.399,0.0901
2025-06-03,2,1,45,32,30,333.948,0.0697
2025-06-04,2,1,45,29,27,239.445,0.0759
2025-06-05,2,1,45,23,21,165.878,0.0864
2025-06-06,2,1,45,35,32,340.89,0.0996
2025-06-07,2,1,40,20,18,255.171,0.1017
2025-06-08,2,1,40,18,16,174.127,0.0842
2025-06-09,2,1,45,27,24,231.115,0.1121
2025-06-10,2,1,45,25,23,246.72,0.0898
2025-06-11,2,1,45,16,15,161.035,0.0728
2025-06-12,2,1,45,37,34,492.552,0.0744
2025-06-13,2,1,45,19,17,136.59,0.117
2025-06-14,2,1,40,26,23,212.553,0.0983
2025-06-15,2,1,40,26,24,272.713,0.0877
2025-06-16,2,1,45,25,24,212.676,0.0466
2025-06-17,2,1,45,31,29,302.916,0.0576
2025-06-18,2,1,45,26,24,257.111,0.082
2025-06-19,2,1,45,26,24,266.144,0.0739
2025-06-20,2,1,45,16,14,142.045,0.111
2025-06-21,2,1,40,21,18,228.326,0.1265
2025-06-22,2,1,40,28,25,301.045,0.1013
2025-06-23,2,1,45,19,18,195.755,0.0777
2024-01-01,2,2,45,25,24,336.59,0.0384
2024-01-02,2,2,45,21,19,226.301,0.0736
2024-01-03,2,2,45,29,27,328.293,0.055
2024-01-04,2,2,45,25,23,255.929,0.0879
2024-01-05,2,2,45,30,28,424.53,0.0791
2024-01-06,2,2,40,34,31,513.981,0.0763
2024-01-07,2,2,40,17,15,152.697,0.1043
2024-01-08,2,2,45,25,22,267.763,0.116
2024-01-09,2,2,45,40,36,506.854,0.1045
2024-01-10,2,2,45,24,22,227.797,0.0637
2024-01-11,2,2,45,26,24,319.272,0.0783
2024-01-12,2,2,45,25,23,274.56,0.0983
2024-01-13,2,2,40,26,23,258.232,0.1311
2024-01-14,2,2,40,21,19,232.245,0.0774
2024-01-15,2,2,45,29,26,271.672,0.1095
2024-01-16,2,2,45,29,26,343.62,0.0972
2024-01-17,2,2,45,22,20,291.891,0.094
2024-01-18,2,2,45,31,30,293.572,0.0417
2024-01-19,2,2,45,31,30,469.857,0.0377
2024-01-20,2,2,40,30,28,370.982,0.0738
2024-01-21,2,2,40,23,21,240.365,0.0669
2024-01-22,2,2,45,30,28,312.693,0.071
2024-01-23,2,2,45,25,23,278.152,0.0773
2024-01-24,2,2,45,22,20,197.659,0.0773
2024-01-25,2,2,45,30,27,251.275,0.0952
2024-01-26,2,2,45,30,27,342.686,0.1051
2024-01-27,2,2,40,28,25,334.626,0.1082
2024-01-28,2,2,40,20,19,215.017,0.0493
2024-01-29,2,2,45,32,30,273.65,0.0495
2024-01-30,2,2,45,39,35,452.142,0.103
2024-01-31,2,2,45,29,27,365.504,0.0564
2024-02-01,2,2,45,35,32,420.503,0.0981
2024-02-02,2,2,45,22,21,196.988,0.0509
2024-02-03,2,2,40,41,36,547.001,0.1107
2024-02-04,2,2,40,21,19,261.503,0.1144
2024-02-05,2,2,45,34,29,293.816,0.1486
2024-02-06,2,2,45,27,24,286.987,0.1215
2024-02-07,2,2,45,35,32,368.038,0.081
2024-02-08,2,2,45,39,34,469.878,0.1402
2024-02-09,2,2,45,24,22,301.024,0.097
2024-02-10,2,2,40,30,27,404.771,0.0992
2024-02-11,2,2,40,28,25,449.055,0.0918
2024-02-12,2,2,45,31,29,427.62,0.0805
2024-02-13,2,2,45,42,38,438.947,0.0874
2024-02-14,2,2,45,35,33,429.209,0.0651
2024-02-15,2,2,45,45,41,579.587,0.0968
2024-02-16,2,2,45,33,29,368.222,0.1117
2024-02-17,2,2,40,31,29,406.891,0.0742
2024-02-18,2,2,40,22,20,256.972,0.0824
2024-02-19,2,2,45,35,30,409.261,0.1472
2024-02-20,2,2,45,33,31,409.212,0.0579
2024-02-21,2,2,45,30,26,358.892,0.1242
2024-02-22,2,2,45,21,19,284.594,0.1117
2024-02-23,2,2,45,30,27,368.857,0.0926
2024-02-24,2,2,40,33,31,410.898,0.0641
2024-02-25,2,2,40,26,23,279.491,0.133
2024-02-26,2,2,45,23,21,255.243,0.0709
2024-02-27,2,2,45,45,42,449.813,0.0679
2024-02-28,2,2,45,42,39,445.975,0.0755
2024-02-29,2,2,45,27,25,283.064,0.0883
2024-03-01,2,2,45,37,34,455.07,0.0879
2024-03-02,2,2,40,33,32,391.217,0.0364
2024-03-03,2,2,40,28,25,325.214,0.1079
2024-03-04,2,2,45,35,31,326.544,0.1015
2024-03-05,2,2,45,41,37,488.448,0.099
2024-03-06,2,2,45,23,20,264.965,0.1266
2024-03-07,2,2,45,34,30,346.196,0.1073
2024-03-08,2,2,45,29,26,361.881,0.1071
2024-03-09,2,2,40,32,30,443.989,0.0642
2024-03-10,2,2,40,27,26,315.729,0.0534
2024-03-11,2,2,45,31,28,376.374,0.1028
2024-03-12,2,2,45,31,29,308.042,0.067
2024-03-13,2,2,45,31,29,454.974,0.0699
2024-03-14,2,2,45,24,22,344.149,0.0801
2024-03-15,2,2,45,29,26,360.078,0.1146
2024-03-16,2,2,40,31,28,409.538,0.1099
2024-03-17,2,2,40,29,26,371.9,0.0888
2024-03-18,2,2,45,31,28,370.439,0.1049
2024-03-19,2,2,45,33,30,418.302,0.076
2024-03-20,2,2,45,21,19,240.43,0.0724
2024-03-21,2,2,45,38,33,341.616,0.1267
2024-03-22,2,2,45,32,28,365.895,0.1281
2024-03-23,2,2,40,21,18,241.22,0.1361
2024-03-24,2,2,40,21,19,223.51,0.0885
2024-03-25,2,2,45,32,28,380.457,0.1216
2024-03-26,2,2,45,33,30,287.536,0.0802
2024-03-27,2,2,45,21,19,266.975,0.087
2024-03-28,2,2,45,33,30,448.492,0.1038
2024-03-29,2,2,45,38,36,374.215,0.0488
2024-03-30,2,2,40,37,34,456.359,0.0856
2024-03-31,2,2,40,19,17,188.841,0.0892
2024-04-01,2,2,45,36,33,382.598,0.0824
2024-04-02,2,2,45,33,28,408.731,0.1391
2024-04-03,2,2,45,31,28,383.771,0.1003
2024-04-04,2,2,45,29,26,303.588,0.1059
2024-04-05,2,2,45,24,22,276.634,0.0891
2024-04-06,2,2,40,32,29,373.475,0.1083
2024-04-07,2,2,40,36,33,405.353,0.0864
2024-04-08,2,2,45,39,37,426.135,0.0585
2024-04-09,2,2,45,31,29,322.598,0.0752
2024-04-10,2,2,45,35,31,490.063,0.1006
2024-04-11,2,2,45,29,27,360.842,0.0759
2024-04-12,2,2,45,37,35,522.169,0.0561
2024-04-13,2,2,40,30,26,361.909,0.1399
2024-04-14,2,2,40,26,24,291.662,0.06
2024-04-15,2,2,45,31,28,325.407,0.104
2024-04-16,2,2,45,28,27,326.828,0.0487
2024-04-17,2,2,45,34,32,315.49,0.0698
2024-04-18,2,2,45,30,26,341.278,0.1194
2024-04-19,2,2,45,44,40,444.353,0.0983
2024-04-20,2,2,40,31,27,316.304,0.1142
2024-04-21,2,2,40,35,32,359.482,0.0978
2024-04-22,2,2,45,39,35,492.539,0.092
2024-04-23,2,2,45,45,41,560.05,0.0924
2024-04-24,2,2,45,28,26,295.8,0.0861
2024-04-25,2,2,45,22,21,266.554,0.0371
2024-04-26,2,2,45,28,25,333.088,0.0902
2024-04-27,2,2,40,35,32,398.665,0.0871
2024-04-28,2,2,40,33,30,405.881,0.0859
2024-04-29,2,2,45,41,35,357.942,0.1487
2024-04-30,2,2,45,37,33,499.909,0.102
2024-05-01,2,2,45,38,35,421.408,0.092
2024-05-02,2,2,45,31,29,342.42,0.0747
2024-05-03,2,2,45,31,27,273.279,0.1144
2024-05-04,2,2,40,23,20,224.731,0.1101
2024-05-05,2,2,40,27,25,277.169,0.0606
2024-05-06,2,2,45,44,40,452.522,0.0828
2024-05-07,2,2,45,35,31,420.249,0.1084
2024-05-08,2,2,45,33,29,411.033,0.1183
2024-05-09,2,2,45,19,17,220.402,0.1025
2024-05-10,2,2,45,36,33,420.203,0.0924
2024-05-11,2,2,40,33,31,360.094,0.0704
2024-05-12,2,2,40,29,26,412.005,0.1055
2024-05-13,2,2,45,28,24,368.852,0.1453
2024-05-14,2,2,45,41,38,407.445,0.0625
2024-05-15,2,2,45,26,24,330.094,0.0747
2024-05-16,2,2,45,29,26,308.403,0.0917
2024-05-17,2,2,45,44,39,529.836,0.1025
2024-05-18,2,2,40,31,28,370.174,0.0906
2024-05-19,2,2,40,20,18,252.03,0.0822
2024-05-20,2,2,45,33,30,366.459,0.0923
2024-05-21,2,2,45,30,27,318.045,0.1048
2024-05-22,2,2,45,31,28,365.953,0.1077
2024-05-23,2,2,45,24,22,341.955,0.1025
2024-05-24,2,2,45,19,17,236.448,0.0849
2024-05-25,2,2,40,37,33,441.32,0.1078
2024-05-26,2,2,40,26,24,287.406,0.0923
2024-05-27,2,2,45,19,17,215.677,0.1297
2024-05-28,2,2,45,53,49,529.048,0.0811
2024-05-29,2,2,45,23,21,220.133,0.0772
2024-05-30,2,2,45,24,23,257.012,0.0612
2024-05-31,2,2,45,31,29,358.066,0.0594
2024-06-01,2,2,40,26,23,274.484,0.1143
2024-06-02,2,2,40,27,25,370.753,0.0716
2024-06-03,2,2,45,31,28,347.533,0.0985
2024-06-04,2,2,45,30,27,386.963,0.1117
2024-06-05,2,2,45,25,22,349.866,0.1141
2024-06-06,2,2,45,28,26,362.718,0.0793
2024-06-07,2,2,45,28,26,353.12,0.0767
2024-06-08,2,2,40,29,27,357.681,0.0837
2024-06-09,2,2,40,18,17,172.898,0.0695
2024-06-10,2,2,45,35,32,403.367,0.0912
2024-06-11,2,2,45,31,27,355.636,0.1219
2024-06-12,2,2,45,30,26,344.72,0.1237
2024-06-13,2,2,45,33,32,353.007,0.0454
2024-06-14,2,2,45,26,24,366.392,0.0783
2024-06-15,2,2,40,17,15,194.594,0.1009
2024-06-16,2,2,40,25,23,276.163,0.0843
2024-06-17,2,2,45,28,27,290.379,0.0498
2024-06-18,2,2,45,22,20,296.486,0.1118
2024-06-19,2,2,45,25,22,289.079,0.1136
2024-06-20,2,2,45,22,19,295.995,0.1232
2024-06-21,2,2,45,30,28,364.065,0.0664
2024-06-22,2,2,40,29,25,378.449,0.1213
2024-06-23,2,2,40,24,21,299.29,0.1291
2024-06-24,2,2,45,20,18,255.642,0.0759
2024-06-25,2,2,45,21,19,260.245,0.0996
2024-06-26,2,2,45,29,26,334.889,0.0916
2024-06-27,2,2,45,20,19,256.363,0.0582
2024-06-28,2,2,45,17,16,232.372,0.0668
2024-06-29,2,2,40,21,20,220.67,0.0607
2024-06-30,2,2,40,20,19,219.666,0.0367
2024-07-01,2,2,45,35,33,440.77,0.0557
2024-07-02,2,2,45,23,21,314.363,0.1017
2024-07-03,2,2,45,18,16,226.974,0.1004
2024-07-04,2,2,45,20,18,285.158,0.0976
2024-07-05,2,2,45,18,17,178.331,0.0692
2024-07-06,2,2,40,30,28,364.156,0.0626
2024-07-07,2,2,40,23,21,237.711,0.0943
2024-07-08,2,2,45,20,18,226.336,0.1045
2024-07-09,2,2,45,25,23,386.981,0.0918
2024-07-10,2,2,45,24,22,322.597,0.1008
2024-07-11,2,2,45,33,30,269.56,0.1027
2024-07-12,2,2,45,29,25,221.597,0.1255
2024-07-13,2,2,40,24,22,301.091,0.0869
2024-07-14,2,2,40,19,18,266.166,0.042
2024-07-15,2,2,45,31,27,430.299,0.1264
2024-07-16,2,2,45,24,22,302.61,0.091
2024-07-17,2,2,45,24,21,247.494,0.1248
2024-07-18,2,2,45,22,20,185.425,0.0851
2024-07-19,2,2,45,26,23,248.243,0.0962
2024-07-20,2,2,40,25,23,233.231,0.0792
2024-07-21,2,2,40,27,24,322.078,0.1166
2024-07-22,2,2,45,19,17,275.671,0.0897
2024-07-23,2,2,45,34,31,387.366,0.0942
2024-07-24,2,2,45,34,32,379.141,0.0466
2024-07-25,2,2,45,24,22,261.452,0.0628
2024-07-26,2,2,45,28,25,247.871,0.1083
2024-07-27,2,2,40,19,18,240.081,0.0554
2024-07-28,2,2,40,23,20,277.149,0.1183
2024-07-29,2,2,45,18,16,184.782,0.1183
2024-07-30,2,2,45,23,21,256.706,0.1062
2024-07-31,2,2,45,22,20,257.308,0.0827
2024-08-01,2,2,45,22,21,298.503,0.047
2024-08-02,2,2,45,15,14,187.239,0.0894
2024-08-03,2,2,40,21,19,282.188,0.1189
2024-08-04,2,2,40,21,19,213.862,0.0898
2024-08-05,2,2,45,28,24,321.382,0.1283
2024-08-06,2,2,45,36,31,509.674,0.1287
2024-08-07,2,2,45,16,14,191.269,0.1092
2024-08-08,2,2,45,19,17,196.524,0.0891
2024-08-09,2,2,45,22,21,234.387,0.0496
2024-08-10,2,2,40,16,14,167.086,0.1116
2024-08-11,2,2,40,15,13,201.902,0.1233
2024-08-12,2,2,45,27,25,380.421,0.0701
2024-08-13,2,2,45,23,22,284.045,0.0595
2024-08-14,2,2,45,30,28,227.121,0.063
2024-08-15,2,2,45,22,19,254.397,0.131
2024-08-16,2,2,45,13,12,107.414,0.0633
2024-08-17,2,2,40,30,27,370.674,0.0876
2024-08-18,2,2,40,20,19,185.107,0.0363
2024-08-19,2,2,45,26,23,304.305,0.1312
2024-08-20,2,2,45,22,20,307.709,0.0732
2024-08-21,2,2,45,21,19,273.751,0.0715
2024-08-22,2,2,45,15,14,188.084,0.0879
2024-08-23,2,2,45,32,29,427.802,0.0793
2024-08-24,2,2,40,21,18,225.79,0.1245
2024-08-25,2,2,40,14,13,132.253,0.0981
2024-08-26,2,2,45,20,18,232.571,0.0822
2024-08-27,2,2,45,23,20,310.46,0.1132
2024-08-28,2,2,45,16,14,199.274,0.1213
2024-08-29,2,2,45,15,14,216.276,0.0635
2024-08-30,2,2,45,15,13,193.368,0.1462
2024-08-31,2,2,40,28,25,271.78,0.1136
2024-09-01,2,2,40,19,18,214.546,0.0496
2024-09-02,2,2,45,30,25,284.063,0.1547
2024-09-03,2,2,45,24,23,329.889,0.0356
2024-09-04,2,2,45,20,18,215.542,0.0853
2024-09-05,2,2,45,23,20,276.292,0.1387
2024-09-06,2,2,45,15,13,174.099,0.12
2024-09-07,2,2,40,21,19,297.497,0.1027
2024-09-08,2,2,40,20,18,198.575,0.117
2024-09-09,2,2,45,32,30,417.804,0.0752
2024-09-10,2,2,45,20,17,244.643,0.1276
2024-09-11,2,2,45,23,22,218.145,0.0425
2024-09-12,2,2,45,18,16,217.764,0.1018
2024-09-13,2,2,45,15,14,215.48,0.0687
2024-09-14,2,2,40,25,24,275.591,0.0385
2024-09-15,2,2,40,15,14,157.534,0.0957
2024-09-16,2,2,45,28,26,259.428,0.0637
2024-09-17,2,2,45,16,15,173.893,0.0797
2024-09-18,2,2,45,16,15,184.3,0.0901
2024-09-19,2,2,45,24,22,233.168,0.087
2024-09-20,2,2,45,15,14,170.241,0.0927
2024-09-21,2,2,40,19,17,285.356,0.1147
2024-09-22,2,2,40,17,16,171.128,0.0765
2024-09-23,2,2,45,21,20,268.103,0.0618
2024-09-24,2,2,45,18,16,200.924,0.1012
2024-09-25,2,2,45,21,19,253.843,0.1127
2024-09-26,2,2,45,19,18,226.904,0.0592
2024-09-27,2,2,45,16,14,164.527,0.0972
2024-09-28,2,2,40,16,14,153.047,0.0987
2024-09-29,2,2,40,20,18,241.14,0.0859
2024-09-30,2,2,45,13,12,184.412,0.0673
2024-10-01,2,2,45,23,22,212.321,0.0433
2024-10-02,2,2,45,34,31,431.184,0.0992
2024-10-03,2,2,45,24,22,263.299,0.0642
2024-10-04,2,2,45,21,19,157.713,0.1148
2024-10-05,2,2,40,20,19,286.227,0.0499
2024-10-06,2,2,40,23,21,270.246,0.0685
2024-10-07,2,2,45,21,20,248.571,0.0571
2024-10-08,2,2,45,10,9,128.354,0.0895
2024-10-09,2,2,45,17,15,156.798,0.1407
2024-10-10,2,2,45,21,19,239.419,0.0898
2024-10-11,2,2,45,12,11,152.432,0.114
2024-10-12,2,2,40,16,15,137.924,0.078
2024-10-13,2,2,40,21,20,260.369,0.0713
2024-10-14,2,2,45,18,16,247.154,0.1385
2024-10-15,2,2,45,12,11,135.211,0.1021
2024-10-16,2,2,45,28,26,309.257,0.0561
2024-10-17,2,2,45,24,21,255.959,0.1134
2024-10-18,2,2,45,26,24,358.907,0.0917
2024-10-19,2,2,40,19,17,226.375,0.0978
2024-10-20,2,2,40,18,16,204.629,0.1105
2024-10-21,2,2,45,21,20,279.677,0.0567
2024-10-22,2,2,45,17,16,209.245,0.0741
2024-10-23,2,2,45,20,17,265.019,0.1503
2024-10-24,2,2,45,28,25,154.817,0.0916
2024-10-25,2,2,45,21,18,247.506,0.132
2024-10-26,2,2,40,25,23,257.398,0.0892
2024-10-27,2,2,40,8,7,78.786,0.091
2024-10-28,2,2,45,24,22,231.034,0.0894
2024-10-29,2,2,45,26,24,293.521,0.0698
2024-10-30,2,2,45,25,22,282.417,0.1042
2024-10-31,2,2,45,26,24,258.925,0.0767
2024-11-01,2,2,45,19,18,223.683,0.0734
2024-11-02,2,2,40,19,18,231.259,0.0641
2024-11-03,2,2,40,18,17,216.932,0.0758
2024-11-04,2,2,45,32,29,381.005,0.0955
2024-11-05,2,2,45,14,13,168.84,0.0899
2024-11-06,2,2,45,28,26,379.698,0.0583
2024-11-07,2,2,45,29,26,298.453,0.1031
2024-11-08,2,2,45,23,20,229.06,0.1094
2024-11-09,2,2,40,22,21,235.399,0.0583
2024-11-10,2,2,40,14,13,171.79,0.0872
2024-11-11,2,2,45,25,24,328.798,0.0395
2024-11-12,2,2,45,26,23,351.931,0.0972
2024-11-13,2,2,45,32,29,373.359,0.099
2024-11-14,2,2,45,21,19,257.563,0.0717
2024-11-15,2,2,45,17,16,228.761,0.0573
2024-11-16,2,2,40,21,19,227.315,0.0849
2024-11-17,2,2,40,24,22,309.676,0.0864
2024-11-18,2,2,45,28,26,229.855,0.0671
2024-11-19,2,2,45,13,12,148.943,0.1092
2024-11-20,2,2,45,28,24,368.628,0.1337
2024-11-21,2,2,45,24,22,358.938,0.0978
2024-11-22,2,2,45,21,20,231.783,0.0624
2024-11-23,2,2,40,26,23,320.656,0.1108
2024-11-24,2,2,40,18,17,168.383,0.0821
2024-11-25,2,2,45,17,16,181.645,0.0626
2024-11-26,2,2,45,20,19,235.655,0.0601
2024-11-27,2,2,45,17,16,205.865,0.065
2024-11-28,2,2,45,27,23,334.106,0.1476
2024-11-29,2,2,45,25,24,253.305,0.0599
2024-11-30,2,2,40,31,27,365.374,0.1334
2024-12-01,2,2,40,25,24,286.434,0.0458
2024-12-02,2,2,45,27,24,216.4,0.0965
2024-12-03,2,2,45,25,22,249.78,0.1041
2024-12-04,2,2,45,15,13,188.451,0.1138
2024-12-05,2,2,45,23,21,303.0,0.0888
2024-12-06,2,2,45,24,22,294.584,0.0827
2024-12-07,2,2,40,19,18,177.477,0.0757
2024-12-08,2,2,40,22,21,176.218,0.0477
2024-12-09,2,2,45,23,22,293.336,0.0523
2024-12-10,2,2,45,22,20,208.059,0.1135
2024-12-11,2,2,45,14,13,165.819,0.0708
2024-12-12,2,2,45,20,18,185.995,0.1226
2024-12-13,2,2,45,26,24,255.038,0.0761
2024-12-14,2,2,40,20,18,207.301,0.0795
2024-12-15,2,2,40,27,25,293.637,0.0784
2024-12-16,2,2,45,28,27,306.921,0.0355
2024-12-17,2,2,45,22,21,280.622,0.063
2024-12-18,2,2,45,23,21,267.968,0.0873
2024-12-19,2,2,45,21,19,237.615,0.0765
2024-12-20,2,2,45,23,22,278.469,0.0601
2024-12-21,2,2,40,30,27,351.29,0.0977
2024-12-22,2,2,40,18,16,240.409,0.1056
2024-12-23,2,2,45,36,35,446.325,0.0382
2024-12-24,2,2,45,28,25,300.811,0.1015
2024-12-25,2,2,45,28,25,302.572,0.1224
2024-12-26,2,2,45,35,31,348.829,0.1052
2024-12-27,2,2,45,30,27,334.335,0.1022
2024-12-28,2,2,40,16,14,182.643,0.1068
2024-12-29,2,2,40,23,21,243.117,0.0908
2024-12-30,2,2,45,23,20,235.322,0.1106
2024-12-31,2,2,45,30,26,374.372,0.1196
2025-01-01,2,2,45,27,25,328.378,0.0632
2025-01-02,2,2,45,31,29,398.102,0.078
2025-01-03,2,2,45,27,25,330.14,0.0596
2025-01-04,2,2,40,25,23,206.483,0.0844
2025-01-05,2,2,40,22,19,218.517,0.1168
2025-01-06,2,2,45,32,30,411.561,0.0615
2025-01-07,2,2,45,24,22,305.883,0.082
2025-01-08,2,2,45,37,34,441.233,0.0704
2025-01-09,2,2,45,26,24,327.332,0.0912
2025-01-10,2,2,45,23,22,244.823,0.0609
2025-01-11,2,2,40,22,20,204.867,0.0997
2025-01-12,2,2,40,24,22,252.101,0.0994
2025-01-13,2,2,45,29,26,381.501,0.0942
2025-01-14,2,2,45,32,30,273.288,0.0708
2025-01-15,2,2,45,17,16,179.19,0.0804
2025-01-16,2,2,45,30,27,367.333,0.1065
2025-01-17,2,2,45,32,30,379.26,0.0567
2025-01-18,2,2,40,19,17,212.064,0.1001
2025-01-19,2,2,40,23,21,229.765,0.0897
2025-01-20,2,2,45,27,24,301.02,0.1168
2025-01-21,2,2,45,34,32,462.85,0.0696
2025-01-22,2,2,45,27,24,337.146,0.1134
2025-01-23,2,2,45,30,28,291.935,0.0587
2025-01-24,2,2,45,26,23,237.242,0.1338
2025-01-25,2,2,40,23,20,255.514,0.1202
2025-01-26,2,2,40,18,16,197.43,0.0857
2025-01-27,2,2,45,25,22,287.924,0.1018
2025-01-28,2,2,45,24,22,185.086,0.0751
2025-01-29,2,2,45,26,24,279.341,0.0636
2025-01-30,2,2,45,26,23,311.94,0.1057
2025-01-31,2,2,45,35,31,428.509,0.1225
2025-02-01,2,2,40,31,27,413.968,0.1427
2025-02-02,2,2,40,30,27,288.932,0.1004
2025-02-03,2,2,45,41,38,513.939,0.0818
2025-02-04,2,2,45,27,26,334.443,0.0266
2025-02-05,2,2,45,29,27,383.154,0.0853
2025-02-06,2,2,45,37,34,330.872,0.0726
2025-02-07,2,2,45,31,28,397.074,0.0942
2025-02-08,2,2,40,30,26,329.184,0.1296
2025-02-09,2,2,40,22,20,284.418,0.0872
2025-02-10,2,2,45,39,36,471.987,0.0842
2025-02-11,2,2,45,36,32,374.127,0.1027
2025-02-12,2,2,45,16,13,146.313,0.1589
2025-02-13,2,2,45,30,29,283.431,0.0238
2025-02-14,2,2,45,29,26,322.906,0.1042
2025-02-15,2,2,40,25,22,280.408,0.1121
2025-02-16,2,2,40,29,25,337.951,0.1211
2025-02-17,2,2,45,26,24,277.129,0.0704
2025-02-18,2,2,45,43,40,505.574,0.0799
2025-02-19,2,2,45,45,40,502.583,0.1021
2025-02-20,2,2,45,33,31,376.888,0.0523
2025-02-21,2,2,45,23,21,244.403,0.1024
2025-02-22,2,2,40,23,20,288.616,0.1248
2025-02-23,2,2,40,31,28,317.528,0.1034
2025-02-24,2,2,45,33,28,399.992,0.1495
2025-02-25,2,2,45,29,27,331.364,0.0835
2025-02-26,2,2,45,27,24,337.081,0.0926
2025-02-27,2,2,45,30,27,426.29,0.0987
2025-02-28,2,2,45,27,26,275.643,0.0437
2025-03-01,2,2,40,28,26,331.02,0.0653
2025-03-02,2,2,40,22,20,217.647,0.0924
2025-03-03,2,2,45,40,35,310.713,0.1263
2025-03-04,2,2,45,34,32,406.111,0.0469
2025-03-05,2,2,45,19,17,217.463,0.0939
2025-03-06,2,2,45,28,24,386.214,0.1296
2025-03-07,2,2,45,36,33,454.154,0.0935
2025-03-08,2,2,40,37,34,444.316,0.0796
2025-03-09,2,2,40,24,22,249.625,0.0668
2025-03-10,2,2,45,25,23,298.539,0.0861
2025-03-11,2,2,45,43,40,503.411,0.0807
2025-03-12,2,2,45,27,24,280.716,0.1267
2025-03-13,2,2,45,29,26,391.619,0.0933
2025-03-14,2,2,45,26,23,372.66,0.1055
2025-03-15,2,2,40,27,25,289.118,0.0768
2025-03-16,2,2,40,27,23,322.048,0.1382
2025-03-17,2,2,45,38,33,367.253,0.1427
2025-03-18,2,2,45,31,28,274.46,0.0848
2025-03-19,2,2,45,27,25,338.453,0.0703
2025-03-20,2,2,45,26,22,321.607,0.1369
2025-03-21,2,2,45,40,37,419.017,0.0696
2025-03-22,2,2,40,35,32,382.732,0.0972
2025-03-23,2,2,40,34,33,337.968,0.0314
2025-03-24,2,2,45,23,21,258.604,0.0897
2025-03-25,2,2,45,41,38,503.736,0.0711
2025-03-26,2,2,45,32,31,391.851,0.0446
2025-03-27,2,2,45,33,30,284.31,0.0874
2025-03-28,2,2,45,24,22,257.569,0.071
2025-03-29,2,2,40,23,21,301.352,0.0797
2025-03-30,2,2,40,28,25,318.112,0.0908
2025-03-31,2,2,45,32,28,335.535,0.1186
2025-04-01,2,2,45,32,28,404.374,0.1144
2025-04-02,2,2,45,37,33,416.803,0.1034
2025-04-03,2,2,45,27,24,312.467,0.1193
2025-04-04,2,2,45,26,23,253.704,0.1002
2025-04-05,2,2,40,22,21,233.69,0.0617
2025-04-06,2,2,40,38,34,386.804,0.0957
2025-04-07,2,2,45,42,39,496.515,0.0673
2025-04-08,2,2,45,29,26,385.366,0.1034
2025-04-09,2,2,45,29,27,363.056,0.0772
2025-04-10,2,2,45,29,26,354.038,0.0868
2025-04-11,2,2,45,40,37,444.356,0.0838
2025-04-12,2,2,40,28,25,275.998,0.1037
2025-04-13,2,2,40,23,21,211.712,0.0761
2025-04-14,2,2,45,30,28,300.388,0.0528
2025-04-15,2,2,45,35,32,353.774,0.0894
2025-04-16,2,2,45,32,29,336.751,0.0919
2025-04-17,2,2,45,35,35,390.441,0.01
2025-04-18,2,2,45,32,29,385.36,0.0914
2025-04-19,2,2,40,40,36,520.223,0.1036
2025-04-20,2,2,40,29,27,365.946,0.0758
2025-04-21,2,2,45,22,20,287.034,0.0807
2025-04-22,2,2,45,23,20,238.977,0.1291
2025-04-23,2,2,45,40,36,571.752,0.0902
2025-04-24,2,2,45,35,31,419.569,0.1011
2025-04-25,2,2,45,36,32,449.805,0.1174
2025-04-26,2,2,40,31,28,378.156,0.1108
2025-04-27,2,2,40,27,25,356.842,0.0907
2025-04-28,2,2,45,33,30,359.991,0.0951
2025-04-29,2,2,45,46,39,562.999,0.1555
2025-04-30,2,2,45,40,36,388.12,0.1097
2025-05-01,2,2,45,39,34,532.139,0.1185
2025-05-02,2,2,45,36,34,355.09,0.0665
2025-05-03,2,2,40,36,31,328.632,0.1303
2025-05-04,2,2,40,25,22,251.273,0.1147
2025-05-05,2,2,45,44,41,528.62,0.069
2025-05-06,2,2,45,30,28,303.808,0.0729
2025-05-07,2,2,45,28,25,368.907,0.112
2025-05-08,2,2,45,19,17,192.204,0.0838
2025-05-09,2,2,45,26,23,300.365,0.1065
2025-05-10,2,2,40,41,37,479.912,0.1014
2025-05-11,2,2,40,24,21,268.138,0.1244
2025-05-12,2,2,45,23,21,202.69,0.0816
2025-05-13,2,2,45,25,24,242.98,0.0536
2025-05-14,2,2,45,27,24,315.027,0.1027
2025-05-15,2,2,45,36,35,400.244,0.016
2025-05-16,2,2,45,28,26,296.296,0.0859
2025-05-17,2,2,40,29,25,284.068,0.1223
2025-05-18,2,2,40,27,23,321.872,0.1435
2025-05-19,2,2,45,24,22,300.991,0.0852
2025-05-20,2,2,45,24,22,291.967,0.1002
2025-05-21,2,2,45,27,23,384.984,0.1548
2025-05-22,2,2,45,29,26,323.499,0.1031
2025-05-23,2,2,45,21,19,224.979,0.0897
2025-05-24,2,2,40,27,24,300.173,0.107
2025-05-25,2,2,40,26,24,250.519,0.0665
2025-05-26,2,2,45,42,38,427.783,0.0934
2025-05-27,2,2,45,30,27,420.217,0.1103
2025-05-28,2,2,45,26,23,245.41,0.1177
2025-05-29,2,2,45,32,29,342.702,0.1021
2025-05-30,2,2,45,26,24,275.423,0.0807
2025-05-31,2,2,40,30,27,350.42,0.0881
2025-06-01,2,2,40,26,23,246.376,0.1101
2025-06-02,2,2,45,38,35,413.88,0.072
2025-06-03,2,2,45,41,39,483.651,0.04
2025-06-04,2,2,45,38,35,512.849,0.0848
2025-06-05,2,2,45,29,26,272.465,0.0882
2025-06-06,2,2,45,34,32,410.403,0.07
2025-06-07,2,2,40,31,30,437.803,0.0406
2025-06-08,2,2,40,25,22,256.706,0.1299
2025-06-09,2,2,45,25,23,301.658,0.081
2025-06-10,2,2,45,28,24,309.318,0.1282
2025-06-11,2,2,45,20,18,212.74,0.0832
2025-06-12,2,2,45,22,20,207.881,0.0918
2025-06-13,2,2,45,32,30,323.515,0.0614
2025-06-14,2,2,40,20,18,161.827,0.1066
2025-06-15,2,2,40,21,19,245.796,0.0729
2025-06-16,2,2,45,33,29,364.748,0.1098
2025-06-17,2,2,45,41,37,499.276,0.0928
2025-06-18,2,2,45,27,25,309.659,0.0863
2025-06-19,2,2,45,24,22,264.163,0.0757
2025-06-20,2,2,45,28,26,358.355,0.0704
2025-06-21,2,2,40,17,16,220.951,0.0682
2025-06-22,2,2,40,22,19,209.904,0.1148
2025-06-23,2,2,45,30,27,411.665,0.1093
2024-01-01,2,3,45,30,27,365.585,0.107
2024-01-02,2,3,45,29,26,377.707,0.1135
2024-01-03,2,3,45,17,15,168.344,0.1007
2024-01-04,2,3,45,25,23,338.823,0.0901
2024-01-05,2,3,45,30,27,354.007,0.1008
2024-01-06,2,3,40,33,29,518.531,0.1077
2024-01-07,2,3,40,17,15,239.532,0.1084
2024-01-08,2,3,45,30,28,443.242,0.0673
2024-01-09,2,3,45,30,27,425.121,0.1064
2024-01-10,2,3,45,23,21,305.96,0.0898
2024-01-11,2,3,45,24,22,310.398,0.0638
2024-01-12,2,3,45,28,26,280.227,0.054
2024-01-13,2,3,40,30,27,334.025,0.1014
2024-01-14,2,3,40,24,22,299.282,0.0913
2024-01-15,2,3,45,44,41,573.417,0.0685
2024-01-16,2,3,45,22,20,289.325,0.0929
2024-01-17,2,3,45,28,26,311.637,0.0783
2024-01-18,2,3,45,23,21,289.597,0.0881
2024-01-19,2,3,45,27,25,408.091,0.0697
2024-01-20,2,3,40,29,26,367.749,0.1188
2024-01-21,2,3,40,23,21,319.274,0.0692
2024-01-22,2,3,45,29,27,368.379,0.0691
2024-01-23,2,3,45,31,29,407.824,0.0547
2024-01-24,2,3,45,35,33,405.632,0.0454
2024-01-25,2,3,45,28,25,393.846,0.0955
2024-01-26,2,3,45,26,24,379.296,0.0873
2024-01-27,2,3,40,35,31,470.509,0.1102
2024-01-28,2,3,40,25,23,347.614,0.095
2024-01-29,2,3,45,28,26,395.738,0.085
2024-01-30,2,3,45,34,30,467.101,0.1223
2024-01-31,2,3,45,39,37,470.232,0.0609
2024-02-01,2,3,45,40,37,513.64,0.0721
2024-02-02,2,3,45,24,22,377.029,0.0773
2024-02-03,2,3,40,26,24,378.768,0.0734
2024-02-04,2,3,40,24,22,291.097,0.0782
2024-02-05,2,3,45,36,33,450.727,0.0972
2024-02-06,2,3,45,34,31,446.543,0.0914
2024-02-07,2,3,45,26,24,384.526,0.0901
2024-02-08,2,3,45,35,32,464.629,0.0834
2024-02-09,2,3,45,31,28,355.535,0.0855
2024-02-10,2,3,40,32,28,459.563,0.1097
2024-02-11,2,3,40,29,27,317.331,0.0805
2024-02-12,2,3,45,38,35,372.151,0.091
2024-02-13,2,3,45,35,31,449.797,0.1076
2024-02-14,2,3,45,32,29,390.185,0.0862
2024-02-15,2,3,45,32,29,421.133,0.0924
2024-02-16,2,3,45,36,32,471.254,0.1079
2024-02-17,2,3,40,29,26,317.967,0.1052
2024-02-18,2,3,40,24,22,371.199,0.0741
2024-02-19,2,3,45,25,23,372.263,0.0678
2024-02-20,2,3,45,36,32,368.864,0.1001
2024-02-21,2,3,45,28,26,340.471,0.0769
2024-02-22,2,3,45,40,35,543.926,0.1309
2024-02-23,2,3,45,40,36,508.006,0.1013
2024-02-24,2,3,40,43,38,463.568,0.1203
2024-02-25,2,3,40,24,22,325.434,0.1038
2024-02-26,2,3,45,39,35,560.04,0.0989
2024-02-27,2,3,45,34,31,420.344,0.0888
2024-02-28,2,3,45,31,28,430.68,0.0817
2024-02-29,2,3,45,41,39,525.504,0.0531
2024-03-01,2,3,45,37,34,429.674,0.0766
2024-03-02,2,3,40,29,26,297.53,0.096
2024-03-03,2,3,40,21,20,314.047,0.0684
2024-03-04,2,3,45,42,38,441.041,0.0862
2024-03-05,2,3,45,29,27,417.774,0.0799
2024-03-06,2,3,45,27,24,374.305,0.1011
2024-03-07,2,3,45,36,33,420.405,0.072
2024-03-08,2,3,45,41,37,573.524,0.1066
2024-03-09,2,3,40,23,21,345.503,0.0808
2024-03-10,2,3,40,38,33,502.509,0.1359
2024-03-11,2,3,45,33,29,476.587,0.1068
2024-03-12,2,3,45,44,42,601.456,0.0533
2024-03-13,2,3,45,22,20,308.778,0.0771
2024-03-14,2,3,45,29,27,372.263,0.0757
2024-03-15,2,3,45,24,22,311.151,0.0751
2024-03-16,2,3,40,36,33,493.276,0.0869
2024-03-17,2,3,40,30,28,389.762,0.0826
2024-03-18,2,3,45,29,27,397.111,0.0608
2024-03-19,2,3,45,42,39,526.36,0.063
2024-03-20,2,3,45,44,41,407.991,0.0668
2024-03-21,2,3,45,37,35,460.188,0.062
2024-03-22,2,3,45,34,33,511.313,0.0432
2024-03-23,2,3,40,31,30,421.981,0.0383
2024-03-24,2,3,40,17,16,231.44,0.0863
2024-03-25,2,3,45,43,39,521.282,0.0852
2024-03-26,2,3,45,42,40,465.358,0.046
2024-03-27,2,3,45,26,24,358.645,0.0677
2024-03-28,2,3,45,30,26,391.181,0.1415
2024-03-29,2,3,45,30,27,333.87,0.11
2024-03-30,2,3,40,28,26,385.62,0.0718
2024-03-31,2,3,40,26,22,290.143,0.1405
2024-04-01,2,3,45,28,26,378.269,0.0624
2024-04-02,2,3,45,40,35,525.684,0.1197
2024-04-03,2,3,45,26,23,274.214,0.1107
2024-04-04,2,3,45,27,24,372.977,0.1101
2024-04-05,2,3,45,31,31,481.133,0.01
2024-04-06,2,3,40,28,25,422.678,0.1045
2024-04-07,2,3,40,30,27,384.421,0.0953
2024-04-08,2,3,45,42,39,554.993,0.0808
2024-04-09,2,3,45,34,30,445.311,0.1145
2024-04-10,2,3,45,38,34,431.923,0.1142
2024-04-11,2,3,45,45,42,636.419,0.0767
2024-04-12,2,3,45,36,32,448.833,0.1113
2024-04-13,2,3,40,28,25,390.994,0.0932
2024-04-14,2,3,40,36,33,489.904,0.0954
2024-04-15,2,3,45,38,36,541.59,0.0478
2024-04-16,2,3,45,30,27,402.829,0.0839
2024-04-17,2,3,45,36,33,532.436,0.0962
2024-04-18,2,3,45,22,20,324.383,0.0902
2024-04-19,2,3,45,31,29,414.663,0.0673
2024-04-20,2,3,40,26,23,380.861,0.1027
2024-04-21,2,3,40,23,21,285.148,0.1066
2024-04-22,2,3,45,35,33,454.878,0.0687
2024-04-23,2,3,45,32,30,373.367,0.0524
2024-04-24,2,3,45,32,28,375.446,0.1196
2024-04-25,2,3,45,28,25,449.438,0.1007
2024-04-26,2,3,45,35,32,427.169,0.0799
2024-04-27,2,3,40,30,27,428.292,0.0906
2024-04-28,2,3,40,28,25,279.116,0.1153
2024-04-29,2,3,45,33,31,308.767,0.061
2024-04-30,2,3,45,27,24,328.517,0.0939
2024-05-01,2,3,45,37,34,479.224,0.0946
2024-05-02,2,3,45,22,20,216.97,0.1065
2024-05-03,2,3,45,36,34,478.319,0.0676
2024-05-04,2,3,40,29,27,364.069,0.0618
2024-05-05,2,3,40,25,24,355.543,0.0428
2024-05-06,2,3,45,29,28,425.32,0.0508
2024-05-07,2,3,45,46,42,567.887,0.0848
2024-05-08,2,3,45,29,26,379.156,0.0934
2024-05-09,2,3,45,29,26,391.65,0.0883
2024-05-10,2,3,45,29,27,333.633,0.0825
2024-05-11,2,3,40,37,32,511.896,0.1254
2024-05-12,2,3,40,32,29,418.858,0.1045
2024-05-13,2,3,45,35,30,516.352,0.1555
2024-05-14,2,3,45,33,31,355.206,0.0713
2024-05-15,2,3,45,38,34,471.079,0.1048
2024-05-16,2,3,45,31,29,420.657,0.0772
2024-05-17,2,3,45,24,21,327.551,0.1151
2024-05-18,2,3,40,42,38,562.166,0.0862
2024-05-19,2,3,40,34,31,340.347,0.0869
2024-05-20,2,3,45,33,29,335.911,0.1332
2024-05-21,2,3,45,32,28,475.021,0.1178
2024-05-22,2,3,45,42,38,529.808,0.0841
2024-05-23,2,3,45,40,37,498.883,0.0831
2024-05-24,2,3,45,19,17,283.015,0.1082
2024-05-25,2,3,40,31,29,364.837,0.0714
2024-05-26,2,3,40,35,31,550.392,0.1029
2024-05-27,2,3,45,27,24,365.757,0.1104
2024-05-28,2,3,45,44,40,597.231,0.0871
2024-05-29,2,3,45,35,31,548.791,0.1275
2024-05-30,2,3,45,36,32,443.452,0.122
2024-05-31,2,3,45,23,20,320.546,0.1154
2024-06-01,2,3,40,23,21,319.344,0.1007
2024-06-02,2,3,40,24,22,304.377,0.0952
2024-06-03,2,3,45,43,37,546.42,0.1407
2024-06-04,2,3,45,41,35,512.592,0.1416
2024-06-05,2,3,45,27,25,426.754,0.0604
2024-06-06,2,3,45,42,38,502.588,0.089
2024-06-07,2,3,45,21,19,245.002,0.1039
2024-06-08,2,3,40,22,20,335.201,0.0903
2024-06-09,2,3,40,23,21,300.664,0.0735
2024-06-10,2,3,45,46,41,624.779,0.1162
2024-06-11,2,3,45,33,29,471.137,0.1216
2024-06-12,2,3,45,30,29,458.735,0.0464
2024-06-13,2,3,45,24,22,300.731,0.0663
2024-06-14,2,3,45,25,22,324.234,0.1177
2024-06-15,2,3,40,19,17,220.437,0.0791
2024-06-16,2,3,40,29,26,387.552,0.0884
2024-06-17,2,3,45,38,35,497.069,0.0867
2024-06-18,2,3,45,30,28,314.985,0.0538
2024-06-19,2,3,45,23,21,262.823,0.0821
2024-06-20,2,3,45,23,21,236.121,0.0959
2024-06-21,2,3,45,30,28,400.635,0.0618
2024-06-22,2,3,40,36,34,386.057,0.0601
2024-06-23,2,3,40,25,21,312.078,0.1424
2024-06-24,2,3,45,38,34,524.541,0.0943
2024-06-25,2,3,45,30,27,381.054,0.1063
2024-06-26,2,3,45,21,20,212.58,0.0681
2024-06-27,2,3,45,29,26,413.573,0.1021
2024-06-28,2,3,45,34,30,541.048,0.1036
2024-06-29,2,3,40,23,20,330.006,0.1166
2024-06-30,2,3,40,18,17,268.053,0.0822
2024-07-01,2,3,45,44,41,589.58,0.0671
2024-07-02,2,3,45,35,32,451.271,0.0832
2024-07-03,2,3,45,22,20,229.351,0.0938
2024-07-04,2,3,45,24,22,371.7,0.0699
2024-07-05,2,3,45,34,32,364.18,0.0717
2024-07-06,2,3,40,28,26,403.674,0.067
2024-07-07,2,3,40,30,27,446.595,0.0881
2024-07-08,2,3,45,21,19,247.165,0.0908
2024-07-09,2,3,45,19,17,204.795,0.086
2024-07-10,2,3,45,30,28,386.673,0.0706
2024-07-11,2,3,45,20,18,205.452,0.1077
2024-07-12,2,3,45,24,22,346.362,0.0741
2024-07-13,2,3,40,27,25,306.251,0.0835
2024-07-14,2,3,40,24,22,299.363,0.0827
2024-07-15,2,3,45,41,37,574.611,0.109
2024-07-16,2,3,45,30,26,418.757,0.1185
2024-07-17,2,3,45,30,28,349.79,0.0824
2024-07-18,2,3,45,24,21,336.955,0.1362
2024-07-19,2,3,45,26,23,331.135,0.1046
2024-07-20,2,3,40,30,28,397.879,0.0577
2024-07-21,2,3,40,14,13,214.123,0.0861
2024-07-22,2,3,45,22,20,302.163,0.106
2024-07-23,2,3,45,36,32,536.738,0.1208
2024-07-24,2,3,45,22,20,325.791,0.0717
2024-07-25,2,3,45,27,24,335.346,0.1028
2024-07-26,2,3,45,23,21,312.141,0.0937
2024-07-27,2,3,40,23,21,338.014,0.0683
2024-07-28,2,3,40,18,17,261.16,0.0744
2024-07-29,2,3,45,20,18,256.382,0.1078
2024-07-30,2,3,45,22,20,295.449,0.0867
2024-07-31,2,3,45,22,21,256.005,0.0325
2024-08-01,2,3,45,24,22,373.552,0.0694
2024-08-02,2,3,45,24,22,302.371,0.0647
2024-08-03,2,3,40,17,16,188.308,0.0769
2024-08-04,2,3,40,23,21,310.305,0.1082
2024-08-05,2,3,45,24,22,300.616,0.1031
2024-08-06,2,3,45,28,25,339.181,0.1012
2024-08-07,2,3,45,23,22,286.245,0.0651
2024-08-08,2,3,45,29,27,388.471,0.0724
2024-08-09,2,3,45,26,23,344.614,0.1307
2024-08-10,2,3,40,34,32,508.056,0.0662
2024-08-11,2,3,40,21,19,286.835,0.0905
2024-08-12,2,3,45,21,20,255.932,0.0632
2024-08-13,2,3,45,25,23,279.577,0.0623
2024-08-14,2,3,45,18,16,251.137,0.0996
2024-08-15,2,3,45,24,22,314.517,0.0984
2024-08-16,2,3,45,30,27,365.911,0.1119
2024-08-17,2,3,40,24,21,347.595,0.1378
2024-08-18,2,3,40,22,20,273.404,0.1075
2024-08-19,2,3,45,22,20,297.382,0.1114
2024-08-20,2,3,45,17,15,235.048,0.0908
2024-08-21,2,3,45,26,24,305.147,0.0706
2024-08-22,2,3,45,16,15,226.864,0.0476
2024-08-23,2,3,45,21,19,271.945,0.0937
2024-08-24,2,3,40,23,22,341.542,0.052
2024-08-25,2,3,40,21,19,382.842,0.0994
2024-08-26,2,3,45,24,23,316.047,0.0267
2024-08-27,2,3,45,34,31,464.261,0.1011
2024-08-28,2,3,45,27,24,392.733,0.1123
2024-08-29,2,3,45,21,19,250.091,0.0849
2024-08-30,2,3,45,16,14,217.843,0.0963
2024-08-31,2,3,40,21,19,298.024,0.0738
2024-09-01,2,3,40,18,16,216.974,0.0893
2024-09-02,2,3,45,27,24,400.968,0.0956
2024-09-03,2,3,45,24,22,310.506,0.0984
2024-09-04,2,3,45,21,19,245.816,0.0972
2024-09-05,2,3,45,19,18,250.996,0.0726
2024-09-06,2,3,45,16,15,209.609,0.0929
2024-09-07,2,3,40,26,25,370.392,0.0565
2024-09-08,2,3,40,21,19,262.656,0.0883
2024-09-09,2,3,45,25,23,274.262,0.0768
2024-09-10,2,3,45,20,19,222.926,0.0693
2024-09-11,2,3,45,20,18,243.714,0.0804
2024-09-12,2,3,45,14,13,170.333,0.0975
2024-09-13,2,3,45,16,14,212.574,0.1181
2024-09-14,2,3,40,13,12,164.581,0.1069
2024-09-15,2,3,40,17,15,234.678,0.1235
2024-09-16,2,3,45,19,17,245.079,0.1248
2024-09-17,2,3,45,19,17,241.276,0.0867
2024-09-18,2,3,45,26,23,306.261,0.1299
2024-09-19,2,3,45,23,21,309.497,0.0883
2024-09-20,2,3,45,21,20,243.39,0.0487
2024-09-21,2,3,40,19,17,258.21,0.1122
2024-09-22,2,3,40,22,20,338.249,0.0774
2024-09-23,2,3,45,21,19,249.442,0.1081
2024-09-24,2,3,45,19,18,243.449,0.0719
2024-09-25,2,3,45,17,15,173.381,0.1248
2024-09-26,2,3,45,20,18,292.676,0.0911
2024-09-27,2,3,45,10,9,134.92,0.0787
2024-09-28,2,3,40,26,25,376.635,0.0303
2024-09-29,2,3,40,18,16,210.34,0.0977
2024-09-30,2,3,45,22,21,359.95,0.0649
2024-10-01,2,3,45,20,18,267.905,0.0934
2024-10-02,2,3,45,23,21,329.065,0.0985
2024-10-03,2,3,45,28,26,348.73,0.0831
2024-10-04,2,3,45,25,23,360.881,0.091
2024-10-05,2,3,40,23,20,270.788,0.1281
2024-10-06,2,3,40,22,20,296.193,0.1015
2024-10-07,2,3,45,24,21,359.748,0.1167
2024-10-08,2,3,45,29,27,377.838,0.0771
2024-10-09,2,3,45,20,19,213.412,0.073
2024-10-10,2,3,45,22,20,262.901,0.1069
2024-10-11,2,3,45,23,21,277.556,0.1029
2024-10-12,2,3,40,22,19,231.045,0.1159
2024-10-13,2,3,40,17,16,205.385,0.0796
2024-10-14,2,3,45,15,13,194.171,0.1
2024-10-15,2,3,45,29,27,355.279,0.0579
2024-10-16,2,3,45,19,18,246.617,0.076
2024-10-17,2,3,45,19,17,265.95,0.1185
2024-10-18,2,3,45,22,21,284.828,0.0325
2024-10-19,2,3,40,26,23,333.343,0.1344
2024-10-20,2,3,40,17,15,225.577,0.1195
2024-10-21,2,3,45,28,25,329.94,0.0963
2024-10-22,2,3,45,30,29,476.741,0.0374
2024-10-23,2,3,45,23,21,292.109,0.0987
2024-10-24,2,3,45,24,23,344.925,0.0518
2024-10-25,2,3,45,16,15,217.887,0.0893
2024-10-26,2,3,40,21,19,268.049,0.1074
2024-10-27,2,3,40,17,16,180.04,0.0544
2024-10-28,2,3,45,12,11,173.904,0.1241
2024-10-29,2,3,45,18,16,278.271,0.1185
2024-10-30,2,3,45,17,16,194.743,0.0585
2024-10-31,2,3,45,21,19,307.187,0.0898
2024-11-01,2,3,45,29,25,355.934,0.125
2024-11-02,2,3,40,21,19,315.724,0.0986
2024-11-03,2,3,40,27,25,299.563,0.0663
2024-11-04,2,3,45,23,20,298.918,0.1191
2024-11-05,2,3,45,26,24,323.287,0.0662
2024-11-06,2,3,45,19,18,280.072,0.0573
2024-11-07,2,3,45,19,17,296.855,0.0965
2024-11-08,2,3,45,25,23,295.28,0.0651
2024-11-09,2,3,40,17,15,220.678,0.126
2024-11-10,2,3,40,25,22,413.007,0.1314
2024-11-11,2,3,45,25,23,318.325,0.0861
2024-11-12,2,3,45,29,26,364.42,0.1059
2024-11-13,2,3,45,21,20,271.065,0.0621
2024-11-14,2,3,45,31,27,427.318,0.1387
2024-11-15,2,3,45,18,16,228.712,0.0867
2024-11-16,2,3,40,28,25,448.609,0.1071
2024-11-17,2,3,40,24,22,345.397,0.0726
2024-11-18,2,3,45,21,19,215.288,0.1026
2024-11-19,2,3,45,16,15,249.089,0.0754
2024-11-20,2,3,45,17,16,190.149,0.0348
2024-11-21,2,3,45,19,17,229.645,0.1174
2024-11-22,2,3,45,31,29,432.193,0.0645
2024-11-23,2,3,40,24,22,343.742,0.0818
2024-11-24,2,3,40,24,22,408.142,0.0849
2024-11-25,2,3,45,25,23,296.378,0.0938
2024-11-26,2,3,45,29,27,411.604,0.0519
2024-11-27,2,3,45,23,20,304.22,0.1303
2024-11-28,2,3,45,24,21,341.477,0.1135
2024-11-29,2,3,45,26,23,343.876,0.1024
2024-11-30,2,3,40,20,18,303.037,0.1071
2024-12-01,2,3,40,24,22,272.886,0.0731
2024-12-02,2,3,45,23,21,264.455,0.1061
2024-12-03,2,3,45,26,25,352.48,0.0521
2024-12-04,2,3,45,20,18,259.164,0.0799
2024-12-05,2,3,45,15,14,215.307,0.0868
2024-12-06,2,3,45,30,27,393.253,0.0864
2024-12-07,2,3,40,18,16,241.509,0.0908
2024-12-08,2,3,40,22,21,321.491,0.0609
2024-12-09,2,3,45,35,33,401.659,0.0598
2024-12-10,2,3,45,33,29,475.675,0.1259
2024-12-11,2,3,45,28,26,358.239,0.0586
2024-12-12,2,3,45,18,17,255.952,0.0737
2024-12-13,2,3,45,28,26,373.763,0.074
2024-12-14,2,3,40,18,17,258.571,0.0497
2024-12-15,2,3,40,24,22,333.525,0.099
2024-12-16,2,3,45,27,26,333.373,0.0465
2024-12-17,2,3,45,21,20,284.867,0.0535
2024-12-18,2,3,45,22,20,302.455,0.1092
2024-12-19,2,3,45,32,30,368.685,0.0764
2024-12-20,2,3,45,28,26,388.891,0.0717
2024-12-21,2,3,40,23,21,325.922,0.082
2024-12-22,2,3,40,21,19,276.571,0.1172
2024-12-23,2,3,45,25,22,299.942,0.1222
2024-12-24,2,3,45,27,25,416.649,0.0558
2024-12-25,2,3,45,20,18,328.117,0.0854
2024-12-26,2,3,45,33,30,385.614,0.0983
2024-12-27,2,3,45,30,27,397.801,0.1041
2024-12-28,2,3,40,26,25,364.852,0.0519
2024-12-29,2,3,40,23,21,352.835,0.092
2024-12-30,2,3,45,33,28,460.734,0.1525
2024-12-31,2,3,45,24,22,298.91,0.0754
2025-01-01,2,3,45,23,21,272.08,0.0991
2025-01-02,2,3,45,28,26,395.201,0.0661
2025-01-03,2,3,45,19,17,220.027,0.0921
2025-01-04,2,3,40,23,21,320.209,0.0661
2025-01-05,2,3,40,30,28,471.637,0.0679
2025-01-06,2,3,45,24,23,374.255,0.0589
2025-01-07,2,3,45,29,26,351.317,0.1069
2025-01-08,2,3,45,23,21,280.755,0.0717
2025-01-09,2,3,45,28,26,319.184,0.0549
2025-01-10,2,3,45,24,21,273.853,0.1202
2025-01-11,2,3,40,42,39,564.049,0.0731
2025-01-12,2,3,40,29,26,390.373,0.1115
2025-01-13,2,3,45,33,31,415.663,0.0545
2025-01-14,2,3,45,22,20,260.524,0.0971
2025-01-15,2,3,45,18,15,261.718,0.1492
2025-01-16,2,3,45,30,26,436.976,0.1199
2025-01-17,2,3,45,30,28,358.295,0.0544
2025-01-18,2,3,40,24,22,315.827,0.0882
2025-01-19,2,3,40,21,19,305.232,0.1071
2025-01-20,2,3,45,35,33,483.62,0.0533
2025-01-21,2,3,45,30,28,373.758,0.0636
2025-01-22,2,3,45,33,31,416.184,0.0743
2025-01-23,2,3,45,34,30,489.649,0.1258
2025-01-24,2,3,45,29,26,376.953,0.0934
2025-01-25,2,3,40,31,29,374.395,0.0678
2025-01-26,2,3,40,22,20,279.211,0.0733
2025-01-27,2,3,45,33,32,447.045,0.0255
2025-01-28,2,3,45,33,30,437.58,0.0863
2025-01-29,2,3,45,30,28,363.746,0.0801
2025-01-30,2,3,45,35,31,462.043,0.1002
2025-01-31,2,3,45,30,27,474.268,0.0932
2025-02-01,2,3,40,27,24,327.541,0.0933
2025-02-02,2,3,40,21,19,362.039,0.0956
2025-02-03,2,3,45,26,23,357.23,0.0982
2025-02-04,2,3,45,28,25,327.05,0.1189
2025-02-05,2,3,45,29,26,409.172,0.0937
2025-02-06,2,3,45,41,37,596.188,0.0859
2025-02-07,2,3,45,27,23,395.669,0.1334
2025-02-08,2,3,40,26,23,417.395,0.1235
2025-02-09,2,3,40,25,23,264.815,0.0932
2025-02-10,2,3,45,29,26,361.666,0.0931
2025-02-11,2,3,45,25,23,280.602,0.0724
2025-02-12,2,3,45,41,38,583.341,0.0795
2025-02-13,2,3,45,35,33,353.363,0.0704
2025-02-14,2,3,45,24,21,268.119,0.1065
2025-02-15,2,3,40,29,25,415.65,0.1252
2025-02-16,2,3,40,29,27,386.205,0.0735
2025-02-17,2,3,45,29,26,352.338,0.0973
2025-02-18,2,3,45,32,30,448.954,0.0503
2025-02-19,2,3,45,25,23,380.238,0.0761
2025-02-20,2,3,45,25,22,392.098,0.1354
2025-02-21,2,3,45,29,25,446.808,0.1214
2025-02-22,2,3,40,24,21,262.628,0.1325
2025-02-23,2,3,40,32,28,481.285,0.1138
2025-02-24,2,3,45,26,24,382.541,0.0828
2025-02-25,2,3,45,40,37,425.925,0.0738
2025-02-26,2,3,45,39,37,477.075,0.0594
2025-02-27,2,3,45,28,26,440.346,0.0863
2025-02-28,2,3,45,38,34,478.456,0.0956
2025-03-01,2,3,40,27,25,377.226,0.0658
2025-03-02,2,3,40,24,22,332.247,0.0852
2025-03-03,2,3,45,34,31,387.112,0.0985
2025-03-04,2,3,45,40,36,505.152,0.1026
2025-03-05,2,3,45,32,29,459.578,0.0854
2025-03-06,2,3,45,33,28,419.601,0.1385
2025-03-07,2,3,45,23,21,350.876,0.098
2025-03-08,2,3,40,30,27,481.664,0.0928
2025-03-09,2,3,40,46,42,709.814,0.0805
2025-03-10,2,3,45,41,36,560.788,0.1106
2025-03-11,2,3,45,43,40,539.187,0.0677
2025-03-12,2,3,45,32,28,461.032,0.1174
2025-03-13,2,3,45,25,23,347.718,0.0772
2025-03-14,2,3,45,23,21,243.064,0.0826
2025-03-15,2,3,40,28,25,357.028,0.1182
2025-03-16,2,3,40,26,24,302.001,0.0919
2025-03-17,2,3,45,51,48,726.884,0.053
2025-03-18,2,3,45,42,39,466.222,0.0797
2025-03-19,2,3,45,28,25,437.752,0.0899
2025-03-20,2,3,45,41,37,399.403,0.0879
2025-03-21,2,3,45,36,33,556.337,0.0952
2025-03-22,2,3,40,33,30,381.967,0.0991
2025-03-23,2,3,40,34,30,370.444,0.1068
2025-03-24,2,3,45,45,42,532.032,0.074
2025-03-25,2,3,45,29,26,422.383,0.0876
2025-03-26,2,3,45,37,32,491.654,0.1374
2025-03-27,2,3,45,30,27,383.558,0.1027
2025-03-28,2,3,45,33,29,471.602,0.1137
2025-03-29,2,3,40,47,44,632.483,0.0555
2025-03-30,2,3,40,24,21,285.129,0.1141
2025-03-31,2,3,45,29,27,426.168,0.0852
2025-04-01,2,3,45,36,34,519.201,0.0582
2025-04-02,2,3,45,29,26,398.848,0.0907
2025-04-03,2,3,45,35,31,352.615,0.1108
2025-04-04,2,3,45,33,30,473.65,0.077
2025-04-05,2,3,40,33,30,329.782,0.1023
2025-04-06,2,3,40,31,28,394.158,0.0969
2025-04-07,2,3,45,40,36,583.344,0.0934
2025-04-08,2,3,45,33,29,347.518,0.13
2025-04-09,2,3,45,27,25,412.313,0.0619
2025-04-10,2,3,45,19,18,222.099,0.0572
2025-04-11,2,3,45,38,36,548.469,0.0469
2025-04-12,2,3,40,32,29,421.16,0.0962
2025-04-13,2,3,40,24,22,288.519,0.0824
2025-04-14,2,3,45,41,38,641.643,0.0847
2025-04-15,2,3,45,38,34,431.874,0.1098
2025-04-16,2,3,45,28,26,376.609,0.0738
2025-04-17,2,3,45,22,20,204.7,0.0841
2025-04-18,2,3,45,34,33,287.27,0.044
2025-04-19,2,3,40,38,34,455.404,0.094
2025-04-20,2,3,40,31,28,390.465,0.1127
2025-04-21,2,3,45,43,40,518.794,0.0699
2025-04-22,2,3,45,49,44,662.236,0.1013
2025-04-23,2,3,45,32,29,398.377,0.0834
2025-04-24,2,3,45,43,39,607.221,0.0913
2025-04-25,2,3,45,25,23,322.903,0.0737
2025-04-26,2,3,40,36,32,440.977,0.1101
2025-04-27,2,3,40,31,29,350.22,0.0709
2025-04-28,2,3,45,36,32,428.273,0.1
2025-04-29,2,3,45,35,33,447.964,0.0618
2025-04-30,2,3,45,29,27,466.379,0.0621
2025-05-01,2,3,45,31,28,414.342,0.0948
2025-05-02,2,3,45,22,20,344.766,0.0893
2025-05-03,2,3,40,25,23,317.957,0.085
2025-05-04,2,3,40,32,28,392.478,0.1211
2025-05-05,2,3,45,44,40,496.914,0.1
2025-05-06,2,3,45,39,37,508.284,0.0604
2025-05-07,2,3,45,32,30,424.922,0.0724
2025-05-08,2,3,45,34,32,515.042,0.0508
2025-05-09,2,3,45,30,29,500.716,0.037
2025-05-10,2,3,40,37,34,394.117,0.0764
2025-05-11,2,3,40,22,21,276.614,0.0409
2025-05-12,2,3,45,34,31,455.779,0.0897
2025-05-13,2,3,45,31,29,444.473,0.0793
2025-05-14,2,3,45,30,29,343.707,0.0451
2025-05-15,2,3,45,30,28,425.842,0.0626
2025-05-16,2,3,45,37,33,480.039,0.1164
2025-05-17,2,3,40,31,28,418.459,0.0997
2025-05-18,2,3,40,39,36,446.691,0.0676
2025-05-19,2,3,45,46,43,656.017,0.0639
2025-05-20,2,3,45,38,35,474.068,0.079
2025-05-21,2,3,45,21,19,257.796,0.0955
2025-05-22,2,3,45,43,40,563.598,0.0689
2025-05-23,2,3,45,33,31,523.598,0.0669
2025-05-24,2,3,40,27,24,428.811,0.1066
2025-05-25,2,3,40,27,25,303.697,0.0895
2025-05-26,2,3,45,22,20,339.929,0.1036
2025-05-27,2,3,45,31,29,460.824,0.0723
2025-05-28,2,3,45,36,33,536.215,0.0864
2025-05-29,2,3,45,23,20,328.573,0.1226
2025-05-30,2,3,45,31,27,403.3,0.1259
2025-05-31,2,3,40,31,27,398.187,0.1267
2025-06-01,2,3,40,24,21,299.685,0.1057
2025-06-02,2,3,45,27,25,383.791,0.091
2025-06-03,2,3,45,36,33,376.834,0.0761
2025-06-04,2,3,45,42,37,624.522,0.1134
2025-06-05,2,3,45,23,21,290.952,0.0859
2025-06-06,2,3,45,39,37,467.588,0.058
2025-06-07,2,3,40,32,30,404.195,0.0768
2025-06-08,2,3,40,26,23,286.129,0.1164
2025-06-09,2,3,45,32,30,357.397,0.0682
2025-06-10,2,3,45,30,27,367.265,0.0893
2025-06-11,2,3,45,23,21,278.645,0.0746
2025-06-12,2,3,45,31,29,376.521,0.0686
2025-06-13,2,3,45,32,29,422.013,0.0883
2025-06-14,2,3,40,29,26,384.554,0.097
2025-06-15,2,3,40,29,27,481.238,0.0812
2025-06-16,2,3,45,23,20,215.092,0.1294
2025-06-17,2,3,45,36,34,426.446,0.0544
2025-06-18,2,3,45,38,36,483.586,0.0583
2025-06-19,2,3,45,30,27,394.065,0.0985
2025-06-20,2,3,45,25,21,340.897,0.1513
2025-06-21,2,3,40,15,13,177.485,0.1337
2025-06-22,2,3,40,20,19,262.588,0.065
2025-06-23,2,3,45,39,35,463.904,0.0966
2024-01-01,3,1,50,31,28,304.077,0.1083
2024-01-02,3,1,50,28,25,256.392,0.1164
2024-01-03,3,1,50,18,17,163.468,0.0285
2024-01-04,3,1,50,31,28,305.956,0.0898
2024-01-05,3,1,50,39,34,467.494,0.1279
2024-01-06,3,1,45,28,26,250.78,0.0849
2024-01-07,3,1,45,27,25,262.808,0.0764
2024-01-08,3,1,50,26,24,255.439,0.0742
2024-01-09,3,1,50,22,21,195.422,0.065
2024-01-10,3,1,50,39,36,377.074,0.082
2024-01-11,3,1,50,23,20,195.026,0.1194
2024-01-12,3,1,50,25,22,312.533,0.1002
2024-01-13,3,1,45,27,25,218.809,0.0889
2024-01-14,3,1,45,23,21,238.359,0.0782
2024-01-15,3,1,50,23,21,188.635,0.1012
2024-01-16,3,1,50,23,20,180.695,0.123
2024-01-17,3,1,50,24,22,252.641,0.0979
2024-01-18,3,1,50,42,39,457.949,0.0643
2024-01-19,3,1,50,26,24,277.595,0.0815
2024-01-20,3,1,45,31,28,282.547,0.0941
2024-01-21,3,1,45,27,24,260.739,0.1022
2024-01-22,3,1,50,30,27,316.329,0.0865
2024-01-23,3,1,50,30,28,280.575,0.0745
2024-01-24,3,1,50,29,26,184.077,0.1072
2024-01-25,3,1,50,29,25,319.093,0.1287
2024-01-26,3,1,50,29,28,268.574,0.0342
2024-01-27,3,1,45,39,36,342.57,0.073
2024-01-28,3,1,45,27,25,202.681,0.0609
2024-01-29,3,1,50,24,23,253.338,0.0557
2024-01-30,3,1,50,26,24,351.695,0.0959
2024-01-31,3,1,50,23,21,230.446,0.099
2024-02-01,3,1,50,27,25,220.151,0.0729
2024-02-02,3,1,50,26,24,236.491,0.0871
2024-02-03,3,1,45,42,39,359.697,0.0685
2024-02-04,3,1,45,33,30,351.95,0.0929
2024-02-05,3,1,50,31,28,265.238,0.1086
2024-02-06,3,1,50,33,30,385.158,0.0796
2024-02-07,3,1,50,25,24,219.296,0.046
2024-02-08,3,1,50,32,29,255.881,0.0949
2024-02-09,3,1,50,21,19,191.852,0.0885
2024-02-10,3,1,45,24,22,260.119,0.098
2024-02-11,3,1,45,28,25,254.544,0.1008
2024-02-12,3,1,50,31,28,335.09,0.1119
2024-02-13,3,1,50,40,37,352.044,0.087
2024-02-14,3,1,50,29,27,242.444,0.077
2024-02-15,3,1,50,27,25,252.924,0.0815
2024-02-16,3,1,50,29,26,161.768,0.1146
2024-02-17,3,1,45,33,30,360.605,0.0843
2024-02-18,3,1,45,23,21,199.2,0.0887
2024-02-19,3,1,50,25,22,308.041,0.1126
2024-02-20,3,1,50,29,27,274.761,0.082
2024-02-21,3,1,50,33,30,291.307,0.103
2024-02-22,3,1,50,28,25,259.997,0.1235
2024-02-23,3,1,50,28,26,250.608,0.0689
2024-02-24,3,1,45,24,22,198.748,0.1006
2024-02-25,3,1,45,26,25,187.718,0.0492
2024-02-26,3,1,50,33,28,249.511,0.1551
2024-02-27,3,1,50,24,21,220.561,0.1136
2024-02-28,3,1,50,36,34,377.979,0.0457
2024-02-29,3,1,50,28,25,274.772,0.0957
2024-03-01,3,1,50,29,26,272.184,0.0987
2024-03-02,3,1,45,35,33,410.335,0.0538
2024-03-03,3,1,45,20,18,182.04,0.089
2024-03-04,3,1,50,40,36,457.273,0.0884
2024-03-05,3,1,50,31,27,252.064,0.1308
2024-03-06,3,1,50,25,23,285.485,0.0823
2024-03-07,3,1,50,32,29,253.482,0.0783
2024-03-08,3,1,50,29,26,175.901,0.1001
2024-03-09,3,1,45,35,32,284.737,0.0876
2024-03-10,3,1,45,31,28,267.781,0.0815
2024-03-11,3,1,50,38,36,442.071,0.0637
2024-03-12,3,1,50,31,29,465.055,0.0671
2024-03-13,3,1,50,36,33,448.377,0.0909
2024-03-14,3,1,50,30,27,301.088,0.0911
2024-03-15,3,1,50,23,21,190.2,0.1075
2024-03-16,3,1,45,38,33,339.017,0.129
2024-03-17,3,1,45,24,22,250.086,0.0822
2024-03-18,3,1,50,42,38,384.698,0.084
2024-03-19,3,1,50,36,33,365.327,0.0922
2024-03-20,3,1,50,27,24,304.986,0.1027
2024-03-21,3,1,50,31,28,299.802,0.0962
2024-03-22,3,1,50,37,33,327.813,0.1031
2024-03-23,3,1,45,30,28,318.273,0.0523
2024-03-24,3,1,45,35,32,377.58,0.0761
2024-03-25,3,1,50,32,28,304.61,0.1197
2024-03-26,3,1,50,42,39,448.72,0.0813
2024-03-27,3,1,50,25,23,208.212,0.0946
2024-03-28,3,1,50,22,21,205.263,0.0655
2024-03-29,3,1,50,25,23,210.394,0.0863
2024-03-30,3,1,45,31,29,292.281,0.0537
2024-03-31,3,1,45,31,28,355.938,0.1015
2024-04-01,3,1,50,31,29,232.321,0.0674
2024-04-02,3,1,50,20,18,236.17,0.0876
2024-04-03,3,1,50,29,27,312.13,0.0805
2024-04-04,3,1,50,28,26,336.353,0.0669
2024-04-05,3,1,50,32,30,278.736,0.0569
2024-04-06,3,1,45,29,27,270.041,0.0683
2024-04-07,3,1,45,28,25,342.958,0.1227
2024-04-08,3,1,50,41,38,318.031,0.0705
2024-04-09,3,1,50,40,37,425.027,0.0712
2024-04-10,3,1,50,35,32,327.444,0.0972
2024-04-11,3,1,50,34,31,365.947,0.0881
2024-04-12,3,1,50,35,31,336.31,0.1258
2024-04-13,3,1,45,34,31,348.016,0.0866
2024-04-14,3,1,45,32,30,371.27,0.067
2024-04-15,3,1,50,36,33,410.308,0.0893
2024-04-16,3,1,50,32,28,281.644,0.1144
2024-04-17,3,1,50,32,30,404.045,0.0739
2024-04-18,3,1,50,38,35,325.876,0.0874
2024-04-19,3,1,50,35,32,380.603,0.085
2024-04-20,3,1,45,42,38,326.204,0.0943
2024-04-21,3,1,45,25,23,207.445,0.0929
2024-04-22,3,1,50,37,34,337.586,0.0902
2024-04-23,3,1,50,31,29,329.661,0.0776
2024-04-24,3,1,50,44,39,535.521,0.1217
2024-04-25,3,1,50,32,30,265.682,0.0585
2024-04-26,3,1,50,32,30,298.677,0.048
2024-04-27,3,1,45,21,19,194.412,0.0775
2024-04-28,3,1,45,30,27,281.495,0.0921
2024-04-29,3,1,50,32,29,266.979,0.0968
2024-04-30,3,1,50,37,33,326.995,0.1028
2024-05-01,3,1,50,24,21,184.531,0.145
2024-05-02,3,1,50,30,26,326.468,0.1181
2024-05-03,3,1,50,27,24,254.49,0.1052
2024-05-04,3,1,45,31,29,326.11,0.0538
2024-05-05,3,1,45,25,22,151.554,0.1318
2024-05-06,3,1,50,36,33,395.133,0.0962
2024-05-07,3,1,50,24,22,240.896,0.077
2024-05-08,3,1,50,26,24,274.568,0.0698
2024-05-09,3,1,50,29,26,277.907,0.1077
2024-05-10,3,1,50,25,23,230.917,0.0945
2024-05-11,3,1,45,18,16,157.958,0.0925
2024-05-12,3,1,45,25,22,266.872,0.1099
2024-05-13,3,1,50,30,27,176.178,0.11
2024-05-14,3,1,50,36,32,307.133,0.1015
2024-05-15,3,1,50,36,33,248.497,0.0701
2024-05-16,3,1,50,24,22,212.619,0.0876
2024-05-17,3,1,50,21,19,189.868,0.0997
2024-05-18,3,1,45,16,14,190.28,0.0939
2024-05-19,3,1,45,29,26,263.571,0.1097
2024-05-20,3,1,50,33,30,432.777,0.0992
2024-05-21,3,1,50,35,33,348.881,0.0682
2024-05-22,3,1,50,42,40,346.949,0.0591
2024-05-23,3,1,50,34,31,333.213,0.0873
2024-05-24,3,1,50,34,30,298.007,0.1282
2024-05-25,3,1,45,37,34,344.949,0.0711
2024-05-26,3,1,45,28,26,298.035,0.0763
2024-05-27,3,1,50,23,20,222.725,0.1399
2024-05-28,3,1,50,31,29,371.016,0.0806
2024-05-29,3,1,50,32,29,263.045,0.1009
2024-05-30,3,1,50,24,22,267.809,0.0682
2024-05-31,3,1,50,23,22,215.357,0.0638
2024-06-01,3,1,45,28,25,252.892,0.1209
2024-06-02,3,1,45,25,22,203.566,0.1107
2024-06-03,3,1,50,35,31,279.62,0.1042
2024-06-04,3,1,50,35,31,334.072,0.103
2024-06-05,3,1,50,34,32,302.664,0.0492
2024-06-06,3,1,50,27,25,288.437,0.082
2024-06-07,3,1,50,29,26,253.164,0.0893
2024-06-08,3,1,45,32,30,308.865,0.0648
2024-06-09,3,1,45,31,27,328.907,0.1346
2024-06-10,3,1,50,25,23,312.741,0.0926
2024-06-11,3,1,50,37,33,320.719,0.1051
2024-06-12,3,1,50,26,24,375.942,0.0629
2024-06-13,3,1,50,26,24,239.95,0.0804
2024-06-14,3,1,50,25,22,196.123,0.1159
2024-06-15,3,1,45,18,16,138.525,0.1029
2024-06-16,3,1,45,31,27,373.328,0.1222
2024-06-17,3,1,50,26,23,308.283,0.0981
2024-06-18,3,1,50,37,34,406.272,0.0855
2024-06-19,3,1,50,34,30,392.663,0.1078
2024-06-20,3,1,50,27,25,273.941,0.0826
2024-06-21,3,1,50,31,28,323.432,0.0887
2024-06-22,3,1,45,29,28,335.409,0.0349
2024-06-23,3,1,45,22,21,220.915,0.0446
2024-06-24,3,1,50,36,32,385.331,0.1002
2024-06-25,3,1,50,35,33,339.725,0.0661
2024-06-26,3,1,50,24,22,243.806,0.0632
2024-06-27,3,1,50,28,25,311.427,0.1226
2024-06-28,3,1,50,29,27,295.985,0.0846
2024-06-29,3,1,45,24,23,263.508,0.0442
2024-06-30,3,1,45,17,15,201.307,0.1424
2024-07-01,3,1,50,36,32,348.364,0.1053
2024-07-02,3,1,50,24,22,185.878,0.0844
2024-07-03,3,1,50,35,33,299.766,0.0689
2024-07-04,3,1,50,28,26,318.41,0.0838
2024-07-05,3,1,50,26,22,225.817,0.1528
2024-07-06,3,1,45,33,30,251.752,0.0981
2024-07-07,3,1,45,20,18,272.193,0.0778
2024-07-08,3,1,50,28,25,332.958,0.1143
2024-07-09,3,1,50,32,30,316.95,0.0725
2024-07-10,3,1,50,27,25,253.446,0.0919
2024-07-11,3,1,50,26,24,287.266,0.0686
2024-07-12,3,1,50,22,20,172.332,0.0756
2024-07-13,3,1,45,20,18,208.716,0.1014
2024-07-14,3,1,45,32,30,341.831,0.0653
2024-07-15,3,1,50,23,21,169.595,0.0936
2024-07-16,3,1,50,27,25,245.611,0.084
2024-07-17,3,1,50,25,23,255.953,0.0744
2024-07-18,3,1,50,17,15,125.095,0.1112
2024-07-19,3,1,50,24,21,166.986,0.1279
2024-07-20,3,1,45,18,17,147.346,0.0712
2024-07-21,3,1,45,20,18,137.388,0.0986
2024-07-22,3,1,50,28,26,329.651,0.0785
2024-07-23,3,1,50,30,27,310.235,0.0886
2024-07-24,3,1,50,21,19,167.039,0.1122
2024-07-25,3,1,50,25,23,194.481,0.0971
2024-07-26,3,1,50,27,25,307.747,0.0903
2024-07-27,3,1,45,18,17,144.452,0.0773
2024-07-28,3,1,45,26,24,236.053,0.0763
2024-07-29,3,1,50,30,28,161.626,0.0726
2024-07-30,3,1,50,25,24,265.957,0.0574
2024-07-31,3,1,50,22,19,155.464,0.1161
2024-08-01,3,1,50,23,20,263.056,0.1163
2024-08-02,3,1,50,21,19,190.233,0.1032
2024-08-03,3,1,45,31,28,194.842,0.086
2024-08-04,3,1,45,20,18,216.309,0.1217
2024-08-05,3,1,50,26,25,206.077,0.0498
2024-08-06,3,1,50,18,17,185.77,0.0808
2024-08-07,3,1,50,20,19,178.79,0.055
2024-08-08,3,1,50,22,20,216.499,0.0704
2024-08-09,3,1,50,20,18,182.712,0.0882
2024-08-10,3,1,45,19,18,195.767,0.0617
2024-08-11,3,1,45,22,20,215.057,0.1031
2024-08-12,3,1,50,23,21,204.821,0.0721
2024-08-13,3,1,50,25,23,259.564,0.0701
2024-08-14,3,1,50,18,17,185.884,0.0453
2024-08-15,3,1,50,13,12,183.373,0.0721
2024-08-16,3,1,50,20,19,226.959,0.0701
2024-08-17,3,1,45,24,21,154.364,0.1321
2024-08-18,3,1,45,16,15,138.213,0.0693
2024-08-19,3,1,50,21,20,183.603,0.0657
2024-08-20,3,1,50,22,21,238.786,0.0454
2024-08-21,3,1,50,21,20,157.718,0.0559
2024-08-22,3,1,50,18,16,181.933,0.1005
2024-08-23,3,1,50,21,19,212.988,0.0781
2024-08-24,3,1,45,20,18,151.849,0.0837
2024-08-25,3,1,45,24,22,272.526,0.0917
2024-08-26,3,1,50,17,15,189.069,0.0992
2024-08-27,3,1,50,25,23,228.543,0.093
2024-08-28,3,1,50,20,19,216.841,0.0575
2024-08-29,3,1,50,20,18,210.528,0.1062
2024-08-30,3,1,50,23,21,219.359,0.0873
2024-08-31,3,1,45,19,17,130.774,0.1021
2024-09-01,3,1,45,18,16,185.635,0.0984
2024-09-02,3,1,50,25,24,260.216,0.0547
2024-09-03,3,1,50,24,21,276.861,0.1285
2024-09-04,3,1,50,24,21,232.531,0.1104
2024-09-05,3,1,50,22,20,238.577,0.0852
2024-09-06,3,1,50,20,18,183.025,0.0773
2024-09-07,3,1,45,16,14,149.246,0.0988
2024-09-08,3,1,45,18,16,238.094,0.0844
2024-09-09,3,1,50,18,16,196.582,0.0964
2024-09-10,3,1,50,18,16,182.612,0.0875
2024-09-11,3,1,50,23,20,191.72,0.116
2024-09-12,3,1,50,11,10,84.787,0.0685
2024-09-13,3,1,50,17,15,204.063,0.1461
2024-09-14,3,1,45,17,16,224.218,0.0816
2024-09-15,3,1,45,21,19,192.607,0.1044
2024-09-16,3,1,50,20,18,161.727,0.0952
2024-09-17,3,1,50,21,20,238.045,0.0673
2024-09-18,3,1,50,27,25,264.546,0.0646
2024-09-19,3,1,50,16,15,234.534,0.0754
2024-09-20,3,1,50,17,15,192.625,0.0961
2024-09-21,3,1,45,17,16,180.705,0.072
2024-09-22,3,1,45,17,15,216.579,0.1124
2024-09-23,3,1,50,12,10,107.111,0.1334
2024-09-24,3,1,50,17,16,136.21,0.0557
2024-09-25,3,1,50,14,13,106.154,0.1032
2024-09-26,3,1,50,23,21,220.135,0.0968
2024-09-27,3,1,50,14,13,150.849,0.0941
2024-09-28,3,1,45,15,14,118.786,0.0608
2024-09-29,3,1,45,13,12,159.822,0.0739
2024-09-30,3,1,50,24,21,264.588,0.1049
2024-10-01,3,1,50,25,23,237.788,0.0669
2024-10-02,3,1,50,23,22,220.125,0.055
2024-10-03,3,1,50,20,17,185.057,0.1413
2024-10-04,3,1,50,31,29,276.573,0.0612
2024-10-05,3,1,45,17,16,124.342,0.0625
2024-10-06,3,1,45,18,16,167.909,0.0889
2024-10-07,3,1,50,21,19,206.829,0.1186
2024-10-08,3,1,50,9,8,107.071,0.0846
2024-10-09,3,1,50,26,24,194.242,0.0763
2024-10-10,3,1,50,21,20,171.2,0.0466
2024-10-11,3,1,50,21,19,230.207,0.0885
2024-10-12,3,1,45,23,21,249.754,0.1006
2024-10-13,3,1,45,12,11,119.014,0.1043
2024-10-14,3,1,50,19,16,189.964,0.1361
2024-10-15,3,1,50,16,14,141.624,0.0993
2024-10-16,3,1,50,23,22,210.13,0.0486
2024-10-17,3,1,50,19,17,186.734,0.1085
2024-10-18,3,1,50,13,12,135.069,0.0953
2024-10-19,3,1,45,22,20,202.602,0.0929
2024-10-20,3,1,45,22,20,237.035,0.1124
2024-10-21,3,1,50,25,23,284.344,0.064
2024-10-22,3,1,50,22,20,181.399,0.1066
2024-10-23,3,1,50,16,15,106.82,0.0814
2024-10-24,3,1,50,24,21,312.164,0.1248
2024-10-25,3,1,50,15,13,158.861,0.1035
2024-10-26,3,1,45,16,15,154.109,0.0876
2024-10-27,3,1,45,19,17,186.257,0.0848
2024-10-28,3,1,50,20,18,187.529,0.0894
2024-10-29,3,1,50,27,26,235.349,0.0474
2024-10-30,3,1,50,18,16,210.678,0.092
2024-10-31,3,1,50,19,18,223.658,0.0701
2024-11-01,3,1,50,17,15,149.596,0.1017
2024-11-02,3,1,45,18,16,154.119,0.0975
2024-11-03,3,1,45,22,21,178.795,0.065
2024-11-04,3,1,50,24,21,277.528,0.1203
2024-11-05,3,1,50,25,22,275.54,0.1258
2024-11-06,3,1,50,21,19,257.203,0.1113
2024-11-07,3,1,50,29,27,289.573,0.0547
2024-11-08,3,1,50,20,18,202.658,0.1071
2024-11-09,3,1,45,18,16,123.054,0.1143
2024-11-10,3,1,45,22,20,221.972,0.0846
2024-11-11,3,1,50,23,21,261.939,0.0722
2024-11-12,3,1,50,27,25,297.609,0.0868
2024-11-13,3,1,50,27,23,262.198,0.1352
2024-11-14,3,1,50,27,25,326.191,0.0701
2024-11-15,3,1,50,27,24,183.891,0.1057
2024-11-16,3,1,45,22,20,241.227,0.1002
2024-11-17,3,1,45,20,18,205.587,0.1187
2024-11-18,3,1,50,27,24,261.991,0.1221
2024-11-19,3,1,50,22,20,169.64,0.1019
2024-11-20,3,1,50,20,18,175.407,0.1
2024-11-21,3,1,50,21,19,216.522,0.0737
2024-11-22,3,1,50,17,16,152.221,0.0698
2024-11-23,3,1,45,18,17,156.48,0.0621
2024-11-24,3,1,45,20,18,176.875,0.0951
2024-11-25,3,1,50,22,19,210.006,0.1165
2024-11-26,3,1,50,19,17,150.448,0.0869
2024-11-27,3,1,50,17,15,103.377,0.0885
2024-11-28,3,1,50,22,20,260.676,0.0831
2024-11-29,3,1,50,17,15,177.897,0.1201
2024-11-30,3,1,45,14,13,147.669,0.0707
2024-12-01,3,1,45,19,16,204.954,0.1403
2024-12-02,3,1,50,25,24,249.008,0.0406
2024-12-03,3,1,50,27,24,330.405,0.1104
2024-12-04,3,1,50,22,20,192.997,0.0971
2024-12-05,3,1,50,19,18,142.786,0.0781
2024-12-06,3,1,50,12,11,131.899,0.0778
2024-12-07,3,1,45,25,22,228.511,0.1005
2024-12-08,3,1,45,16,14,110.189,0.1074
2024-12-09,3,1,50,39,37,280.32,0.0497
2024-12-10,3,1,50,24,21,353.837,0.1065
2024-12-11,3,1,50,29,26,300.832,0.1118
2024-12-12,3,1,50,25,23,176.887,0.0956
2024-12-13,3,1,50,31,28,269.047,0.1088
2024-12-14,3,1,45,23,21,211.337,0.0824
2024-12-15,3,1,45,22,20,183.487,0.0742
2024-12-16,3,1,50,18,17,234.288,0.0575
2024-12-17,3,1,50,36,32,372.853,0.1064
2024-12-18,3,1,50,29,25,235.826,0.1208
2024-12-19,3,1,50,24,22,308.119,0.0968
2024-12-20,3,1,50,29,27,243.201,0.0662
2024-12-21,3,1,45,21,19,265.945,0.1015
2024-12-22,3,1,45,20,19,184.51,0.0725
2024-12-23,3,1,50,33,29,391.042,0.1274
2024-12-24,3,1,50,26,24,214.714,0.0889
2024-12-25,3,1,50,25,22,179.6,0.1144
2024-12-26,3,1,50,23,21,283.498,0.1035
2024-12-27,3,1,50,22,20,265.778,0.086
2024-12-28,3,1,45,27,25,266.807,0.0922
2024-12-29,3,1,45,20,18,159.477,0.091
2024-12-30,3,1,50,36,33,432.224,0.0905
2024-12-31,3,1,50,24,22,243.207,0.075
2025-01-01,3,1,50,26,23,220.58,0.1091
2025-01-02,3,1,50,23,21,179.821,0.0993
2025-01-03,3,1,50,31,28,349.106,0.112
2025-01-04,3,1,45,17,16,159.959,0.0873
2025-01-05,3,1,45,26,24,198.404,0.085
2025-01-06,3,1,50,37,34,333.825,0.0922
2025-01-07,3,1,50,24,22,272.232,0.0812
2025-01-08,3,1,50,25,23,254.096,0.0725
2025-01-09,3,1,50,31,29,385.853,0.0718
2025-01-10,3,1,50,29,27,244.502,0.0721
2025-01-11,3,1,45,30,28,292.714,0.0758
2025-01-12,3,1,45,25,22,254.974,0.1043
2025-01-13,3,1,50,38,36,397.709,0.0544
2025-01-14,3,1,50,42,39,453.953,0.0832
2025-01-15,3,1,50,29,28,231.022,0.0388
2025-01-16,3,1,50,17,15,154.87,0.1052
2025-01-17,3,1,50,35,31,302.595,0.1239
2025-01-18,3,1,45,23,20,246.885,0.1245
2025-01-19,3,1,45,17,15,188.317,0.1158
2025-01-20,3,1,50,29,27,201.471,0.0564
2025-01-21,3,1,50,33,30,364.031,0.0902
2025-01-22,3,1,50,28,25,289.823,0.1041
2025-01-23,3,1,50,33,30,273.492,0.0901
2025-01-24,3,1,50,28,26,252.285,0.0686
2025-01-25,3,1,45,32,29,268.865,0.1076
2025-01-26,3,1,45,24,22,204.684,0.0868
2025-01-27,3,1,50,30,27,324.16,0.0911
2025-01-28,3,1,50,44,39,558.398,0.1083
2025-01-29,3,1,50,38,33,286.324,0.1405
2025-01-30,3,1,50,23,21,134.4,0.0926
2025-01-31,3,1,50,24,22,212.128,0.1015
2025-02-01,3,1,45,27,27,388.381,0.0138
2025-02-02,3,1,45,25,22,257.542,0.1318
2025-02-03,3,1,50,37,34,441.511,0.0831
2025-02-04,3,1,50,40,36,324.005,0.0888
2025-02-05,3,1,50,24,21,226.652,0.1415
2025-02-06,3,1,50,39,34,340.164,0.1188
2025-02-07,3,1,50,29,25,298.884,0.1263
2025-02-08,3,1,45,37,34,270.605,0.0886
2025-02-09,3,1,45,19,16,141.819,0.1366
2025-02-10,3,1,50,36,31,340.076,0.1325
2025-02-11,3,1,50,36,34,271.298,0.056
2025-02-12,3,1,50,29,26,223.705,0.1025
2025-02-13,3,1,50,28,27,240.082,0.0478
2025-02-14,3,1,50,24,22,252.621,0.0874
2025-02-15,3,1,45,31,30,343.223,0.0459
2025-02-16,3,1,45,33,31,318.044,0.0664
2025-02-17,3,1,50,32,29,422.518,0.0839
2025-02-18,3,1,50,39,36,485.529,0.0684
2025-02-19,3,1,50,24,20,209.718,0.1477
2025-02-20,3,1,50,28,24,297.908,0.1261
2025-02-21,3,1,50,33,31,348.437,0.0489
2025-02-22,3,1,45,34,31,350.565,0.0737
2025-02-23,3,1,45,26,24,307.437,0.0849
2025-02-24,3,1,50,29,26,258.314,0.1006
2025-02-25,3,1,50,33,30,266.798,0.091
2025-02-26,3,1,50,43,39,315.705,0.0818
2025-02-27,3,1,50,32,29,245.501,0.1022
2025-02-28,3,1,50,26,24,249.482,0.0878
2025-03-01,3,1,45,15,13,165.092,0.1073
2025-03-02,3,1,45,31,29,281.746,0.0802
2025-03-03,3,1,50,43,40,405.619,0.0736
2025-03-04,3,1,50,26,24,265.932,0.0828
2025-03-05,3,1,50,27,25,336.538,0.0622
2025-03-06,3,1,50,34,30,290.999,0.1294
2025-03-07,3,1,50,30,28,295.73,0.063
2025-03-08,3,1,45,28,26,258.938,0.0786
2025-03-09,3,1,45,36,33,306.992,0.0903
2025-03-10,3,1,50,37,34,347.823,0.0682
2025-03-11,3,1,50,19,17,195.478,0.1148
2025-03-12,3,1,50,37,35,321.36,0.0574
2025-03-13,3,1,50,38,33,311.046,0.1394
2025-03-14,3,1,50,26,24,231.136,0.0743
2025-03-15,3,1,45,31,28,282.423,0.0913
2025-03-16,3,1,45,21,19,185.523,0.1105
2025-03-17,3,1,50,46,42,477.598,0.0837
2025-03-18,3,1,50,31,27,250.776,0.123
2025-03-19,3,1,50,31,28,280.298,0.0929
2025-03-20,3,1,50,38,34,346.714,0.1096
2025-03-21,3,1,50,35,30,309.397,0.1402
2025-03-22,3,1,45,37,33,389.774,0.0968
2025-03-23,3,1,45,34,30,326.26,0.1136
2025-03-24,3,1,50,38,35,407.139,0.067
2025-03-25,3,1,50,22,21,232.43,0.0642
2025-03-26,3,1,50,38,35,284.535,0.0795
2025-03-27,3,1,50,31,27,287.481,0.1158
2025-03-28,3,1,50,37,34,360.824,0.0748
2025-03-29,3,1,45,37,36,349.238,0.0382
2025-03-30,3,1,45,26,24,248.213,0.0856
2025-03-31,3,1,50,29,26,306.98,0.0924
2025-04-01,3,1,50,40,37,303.423,0.0742
2025-04-02,3,1,50,29,25,262.986,0.1261
2025-04-03,3,1,50,26,24,265.127,0.0888
2025-04-04,3,1,50,36,33,393.594,0.0884
2025-04-05,3,1,45,30,28,290.614,0.0643
2025-04-06,3,1,45,35,31,310.018,0.108
2025-04-07,3,1,50,32,29,376.297,0.0873
2025-04-08,3,1,50,37,32,330.078,0.1225
2025-04-09,3,1,50,29,27,305.978,0.0731
2025-04-10,3,1,50,28,26,301.399,0.0725
2025-04-11,3,1,50,38,34,320.309,0.1061
2025-04-12,3,1,45,37,33,400.539,0.1208
2025-04-13,3,1,45,24,22,222.248,0.087
2025-04-14,3,1,50,27,25,272.758,0.0795
2025-04-15,3,1,50,40,37,489.068,0.0856
2025-04-16,3,1,50,29,27,306.419,0.0831
2025-04-17,3,1,50,28,24,242.365,0.1479
2025-04-18,3,1,50,37,35,400.154,0.067
2025-04-19,3,1,45,39,35,383.859,0.0992
2025-04-20,3,1,45,29,26,238.127,0.1194
2025-04-21,3,1,50,31,27,221.309,0.1178
2025-04-22,3,1,50,34,30,304.916,0.1107
2025-04-23,3,1,50,28,25,243.653,0.1222
2025-04-24,3,1,50,29,26,306.873,0.1041
2025-04-25,3,1,50,31,27,306.105,0.1198
2025-04-26,3,1,45,38,33,302.69,0.119
2025-04-27,3,1,45,32,29,354.305,0.0833
2025-04-28,3,1,50,24,22,234.391,0.0724
2025-04-29,3,1,50,49,45,319.128,0.0824
2025-04-30,3,1,50,33,29,322.516,0.1156
2025-05-01,3,1,50,36,32,280.486,0.1143
2025-05-02,3,1,50,33,29,369.234,0.1127
2025-05-03,3,1,45,27,25,356.675,0.0811
2025-05-04,3,1,45,30,27,306.03,0.0914
2025-05-05,3,1,50,37,34,502.185,0.0925
2025-05-06,3,1,50,27,25,288.009,0.073
2025-05-07,3,1,50,27,25,222.501,0.085
2025-05-08,3,1,50,36,32,357.794,0.1027
2025-05-09,3,1,50,36,33,359.311,0.0864
2025-05-10,3,1,45,25,24,226.042,0.0576
2025-05-11,3,1,45,29,26,255.921,0.111
2025-05-12,3,1,50,39,36,382.197,0.0855
2025-05-13,3,1,50,37,33,362.386,0.1009
2025-05-14,3,1,50,33,29,271.448,0.1137
2025-05-15,3,1,50,32,30,369.126,0.0717
2025-05-16,3,1,50,26,23,241.901,0.1281
2025-05-17,3,1,45,28,27,296.609,0.0409
2025-05-18,3,1,45,35,31,340.688,0.1176
2025-05-19,3,1,50,30,27,265.539,0.0835
2025-05-20,3,1,50,37,33,360.656,0.0979
2025-05-21,3,1,50,27,25,333.425,0.0562
2025-05-22,3,1,50,28,23,295.497,0.1656
2025-05-23,3,1,50,28,25,257.273,0.1027
2025-05-24,3,1,45,31,29,295.786,0.0666
2025-05-25,3,1,45,13,11,140.972,0.1207
2025-05-26,3,1,50,27,24,298.276,0.0988
2025-05-27,3,1,50,22,20,234.258,0.0741
2025-05-28,3,1,50,26,24,277.185,0.0909
2025-05-29,3,1,50,26,23,274.892,0.1132
2025-05-30,3,1,50,25,22,222.595,0.1091
2025-05-31,3,1,45,34,31,266.728,0.0874
2025-06-01,3,1,45,27,24,282.937,0.0933
2025-06-02,3,1,50,27,25,197.869,0.0689
2025-06-03,3,1,50,26,24,315.087,0.0906
2025-06-04,3,1,50,29,26,252.334,0.1141
2025-06-05,3,1,50,28,25,290.674,0.0952
2025-06-06,3,1,50,36,33,325.087,0.0926
2025-06-07,3,1,45,24,22,236.471,0.0935
2025-06-08,3,1,45,20,18,198.064,0.0913
2025-06-09,3,1,50,37,36,312.752,0.0395
2025-06-10,3,1,50,30,27,208.906,0.1093
2025-06-11,3,1,50,28,26,312.302,0.0763
2025-06-12,3,1,50,26,23,211.272,0.133
2025-06-13,3,1,50,20,18,165.041,0.1075
2025-06-14,3,1,45,25,23,179.694,0.0856
2025-06-15,3,1,45,20,19,218.925,0.0619
2025-06-16,3,1,50,19,18,157.415,0.0572
2025-06-17,3,1,50,24,22,222.858,0.0907
2025-06-18,3,1,50,24,21,180.517,0.1179
2025-06-19,3,1,50,23,19,252.717,0.1637
2025-06-20,3,1,50,26,24,306.096,0.066
2025-06-21,3,1,45,28,26,247.516,0.0696
2025-06-22,3,1,45,27,24,252.338,0.1205
2025-06-23,3,1,50,30,27,297.99,0.1
2024-01-01,3,2,50,32,28,406.941,0.1262
2024-01-02,3,2,50,37,34,416.166,0.0691
2024-01-03,3,2,50,29,27,352.836,0.0692
2024-01-04,3,2,50,27,26,321.929,0.0503
2024-01-05,3,2,50,28,25,316.631,0.1209
2024-01-06,3,2,45,36,34,555.013,0.0457
2024-01-07,3,2,45,31,29,437.675,0.0767
2024-01-08,3,2,50,27,23,321.688,0.1476
2024-01-09,3,2,50,35,32,515.216,0.0729
2024-01-10,3,2,50,25,23,238.717,0.0852
2024-01-11,3,2,50,20,18,268.854,0.1013
2024-01-12,3,2,50,24,23,291.081,0.0598
2024-01-13,3,2,45,19,18,240.77,0.068
2024-01-14,3,2,45,19,17,214.905,0.0947
2024-01-15,3,2,50,42,36,660.314,0.134
2024-01-16,3,2,50,26,23,262.168,0.1061
2024-01-17,3,2,50,38,32,340.639,0.1484
2024-01-18,3,2,50,32,28,367.853,0.1301
2024-01-19,3,2,50,36,32,332.36,0.1059
2024-01-20,3,2,45,33,30,442.372,0.0883
2024-01-21,3,2,45,29,27,385.938,0.0671
2024-01-22,3,2,50,32,29,375.099,0.0888
2024-01-23,3,2,50,25,23,323.963,0.0951
2024-01-24,3,2,50,17,15,221.059,0.099
2024-01-25,3,2,50,22,22,266.071,0.0194
2024-01-26,3,2,50,15,14,167.481,0.0794
2024-01-27,3,2,45,24,21,270.075,0.1071
2024-01-28,3,2,45,42,38,368.566,0.1056
2024-01-29,3,2,50,35,32,386.402,0.08
2024-01-30,3,2,50,38,34,430.391,0.093
2024-01-31,3,2,50,47,42,635.394,0.1028
2024-02-01,3,2,50,32,30,471.214,0.0716
2024-02-02,3,2,50,22,20,250.198,0.1048
2024-02-03,3,2,45,29,24,386.587,0.1651
2024-02-04,3,2,45,30,26,388.305,0.1178
2024-02-05,3,2,50,39,35,437.527,0.1092
2024-02-06,3,2,50,31,28,380.557,0.1021
2024-02-07,3,2,50,31,29,318.811,0.0707
2024-02-08,3,2,50,24,21,329.455,0.1378
2024-02-09,3,2,50,22,20,209.948,0.1073
2024-02-10,3,2,45,35,32,318.539,0.0869
2024-02-11,3,2,45,33,30,400.562,0.1009
2024-02-12,3,2,50,42,39,352.334,0.079
2024-02-13,3,2,50,36,33,324.337,0.0883
2024-02-14,3,2,50,43,39,563.588,0.1037
2024-02-15,3,2,50,38,33,414.503,0.1295
2024-02-16,3,2,50,33,30,339.282,0.0953
2024-02-17,3,2,45,43,39,589.101,0.0941
2024-02-18,3,2,45,34,31,294.326,0.0837
2024-02-19,3,2,50,35,31,376.521,0.117
2024-02-20,3,2,50,32,29,509.288,0.0927
2024-02-21,3,2,50,30,27,317.755,0.1033
2024-02-22,3,2,50,29,27,324.385,0.0613
2024-02-23,3,2,50,26,23,307.301,0.1126
2024-02-24,3,2,45,26,23,290.052,0.1051
2024-02-25,3,2,45,23,21,218.547,0.0864
2024-02-26,3,2,50,30,27,301.616,0.1123
2024-02-27,3,2,50,22,21,209.308,0.0482
2024-02-28,3,2,50,23,21,286.505,0.0972
2024-02-29,3,2,50,38,35,476.083,0.0727
2024-03-01,3,2,50,32,29,423.667,0.1061
2024-03-02,3,2,45,36,33,350.499,0.091
2024-03-03,3,2,45,30,27,341.385,0.0911
2024-03-04,3,2,50,37,32,493.496,0.1226
2024-03-05,3,2,50,39,37,527.926,0.0518
2024-03-06,3,2,50,33,29,366.166,0.1086
2024-03-07,3,2,50,40,36,454.332,0.1088
2024-03-08,3,2,50,35,32,462.7,0.0738
2024-03-09,3,2,45,28,25,366.469,0.1194
2024-03-10,3,2,45,29,26,333.732,0.1051
2024-03-11,3,2,50,33,31,348.675,0.0479
2024-03-12,3,2,50,38,35,293.681,0.0716
2024-03-13,3,2,50,34,30,444.768,0.1063
2024-03-14,3,2,50,36,33,368.715,0.0934
2024-03-15,3,2,50,23,21,319.456,0.0829
2024-03-16,3,2,45,30,26,301.519,0.1171
2024-03-17,3,2,45,31,28,320.58,0.1118
2024-03-18,3,2,50,32,30,400.706,0.072
2024-03-19,3,2,50,42,37,524.276,0.1102
2024-03-20,3,2,50,30,26,381.763,0.1226
2024-03-21,3,2,50,34,30,364.732,0.1119
2024-03-22,3,2,50,29,27,346.955,0.0834
2024-03-23,3,2,45,25,22,263.086,0.1114
2024-03-24,3,2,45,30,26,392.106,0.1348
2024-03-25,3,2,50,42,37,487.534,0.1222
2024-03-26,3,2,50,49,43,536.594,0.1155
2024-03-27,3,2,50,31,27,366.206,0.1393
2024-03-28,3,2,50,34,31,373.107,0.0958
2024-03-29,3,2,50,27,25,317.219,0.0899
2024-03-30,3,2,45,37,35,395.754,0.063
2024-03-31,3,2,45,25,23,276.029,0.0984
2024-04-01,3,2,50,47,43,567.499,0.0822
2024-04-02,3,2,50,31,30,341.935,0.0419
2024-04-03,3,2,50,32,30,391.821,0.0689
2024-04-04,3,2,50,24,21,270.475,0.111
2024-04-05,3,2,50,37,34,403.489,0.0793
2024-04-06,3,2,45,32,30,343.092,0.0706
2024-04-07,3,2,45,33,31,281.063,0.0517
2024-04-08,3,2,50,36,34,476.622,0.0578
2024-04-09,3,2,50,33,30,359.164,0.0898
2024-04-10,3,2,50,31,28,324.884,0.1045
2024-04-11,3,2,50,27,26,253.649,0.0513
2024-04-12,3,2,50,32,29,428.851,0.0887
2024-04-13,3,2,45,32,30,502.138,0.0609
2024-04-14,3,2,45,37,35,403.575,0.0482
2024-04-15,3,2,50,31,29,372.938,0.076
2024-04-16,3,2,50,38,34,359.649,0.1081
2024-04-17,3,2,50,30,27,375.653,0.0886
2024-04-18,3,2,50,35,32,369.95,0.0939
2024-04-19,3,2,50,30,29,292.508,0.0417
2024-04-20,3,2,45,32,29,423.211,0.0831
2024-04-21,3,2,45,30,29,353.831,0.0444
2024-04-22,3,2,50,40,36,523.061,0.091
2024-04-23,3,2,50,29,26,321.693,0.108
2024-04-24,3,2,50,26,24,333.776,0.0766
2024-04-25,3,2,50,23,21,301.077,0.0871
2024-04-26,3,2,50,20,18,242.401,0.1169
2024-04-27,3,2,45,27,25,290.23,0.0622
2024-04-28,3,2,45,30,27,272.001,0.1043
2024-04-29,3,2,50,42,38,569.292,0.096
2024-04-30,3,2,50,30,28,380.448,0.0814
2024-05-01,3,2,50,36,32,437.779,0.0996
2024-05-02,3,2,50,33,30,440.647,0.0985
2024-05-03,3,2,50,28,25,309.013,0.0916
2024-05-04,3,2,45,27,24,345.846,0.1133
2024-05-05,3,2,45,33,31,430.371,0.0687
2024-05-06,3,2,50,28,25,353.539,0.1097
2024-05-07,3,2,50,41,36,485.084,0.1182
2024-05-08,3,2,50,29,26,265.008,0.0995
2024-05-09,3,2,50,23,20,256.185,0.1239
2024-05-10,3,2,50,29,26,333.793,0.0884
2024-05-11,3,2,45,32,28,413.971,0.1235
2024-05-12,3,2,45,25,22,267.185,0.1345
2024-05-13,3,2,50,29,26,352.187,0.1168
2024-05-14,3,2,50,41,36,452.266,0.1263
2024-05-15,3,2,50,24,22,238.215,0.0863
2024-05-16,3,2,50,34,32,426.853,0.0644
2024-05-17,3,2,50,28,25,332.066,0.1176
2024-05-18,3,2,45,34,32,435.398,0.0658
2024-05-19,3,2,45,35,32,405.637,0.0952
2024-05-20,3,2,50,27,25,346.664,0.0909
2024-05-21,3,2,50,24,22,282.392,0.094
2024-05-22,3,2,50,23,20,333.29,0.1111
2024-05-23,3,2,50,25,24,254.787,0.0579
2024-05-24,3,2,50,41,35,462.823,0.1402
2024-05-25,3,2,45,31,28,346.607,0.1104
2024-05-26,3,2,45,29,26,365.709,0.0932
2024-05-27,3,2,50,23,21,245.272,0.0845
2024-05-28,3,2,50,34,31,256.616,0.085
2024-05-29,3,2,50,29,27,305.112,0.07
2024-05-30,3,2,50,28,26,314.018,0.0739
2024-05-31,3,2,50,25,22,298.759,0.1287
2024-06-01,3,2,45,31,28,336.392,0.0914
2024-06-02,3,2,45,34,29,488.008,0.1423
2024-06-03,3,2,50,36,32,416.366,0.1153
2024-06-04,3,2,50,29,27,314.148,0.0624
2024-06-05,3,2,50,39,35,476.125,0.1132
2024-06-06,3,2,50,33,29,412.792,0.1089
2024-06-07,3,2,50,26,23,345.297,0.1043
2024-06-08,3,2,45,28,25,319.298,0.1109
2024-06-09,3,2,45,26,23,280.716,0.1065
2024-06-10,3,2,50,29,25,314.866,0.143
2024-06-11,3,2,50,23,21,295.393,0.1031
2024-06-12,3,2,50,40,37,415.252,0.0698
2024-06-13,3,2,50,35,32,393.675,0.0985
2024-06-14,3,2,50,31,28,326.571,0.1092
2024-06-15,3,2,45,25,23,268.29,0.0782
2024-06-16,3,2,45,25,22,275.632,0.1134
2024-06-17,3,2,50,35,30,333.395,0.1305
2024-06-18,3,2,50,36,33,347.884,0.0739
2024-06-19,3,2,50,19,17,178.793,0.0997
2024-06-20,3,2,50,31,28,272.029,0.0957
2024-06-21,3,2,50,31,30,400.475,0.0426
2024-06-22,3,2,45,28,25,351.347,0.1057
2024-06-23,3,2,45,25,23,290.932,0.079
2024-06-24,3,2,50,32,29,341.219,0.1019
2024-06-25,3,2,50,37,34,424.711,0.0787
2024-06-26,3,2,50,27,24,294.041,0.1204
2024-06-27,3,2,50,29,27,329.704,0.0827
2024-06-28,3,2,50,19,18,255.442,0.068
2024-06-29,3,2,45,29,28,285.274,0.0235
2024-06-30,3,2,45,25,23,294.497,0.0786
2024-07-01,3,2,50,34,32,409.208,0.073
2024-07-02,3,2,50,26,24,330.079,0.0868
2024-07-03,3,2,50,27,23,311.77,0.1417
2024-07-04,3,2,50,32,29,420.576,0.0932
2024-07-05,3,2,50,29,26,337.284,0.0897
2024-07-06,3,2,45,31,29,315.445,0.0728
2024-07-07,3,2,45,27,24,304.423,0.0955
2024-07-08,3,2,50,25,23,356.78,0.09
2024-07-09,3,2,50,28,26,316.212,0.0782
2024-07-10,3,2,50,21,18,278.84,0.1222
2024-07-11,3,2,50,30,28,447.282,0.0706
2024-07-12,3,2,50,27,25,351.488,0.0851
2024-07-13,3,2,45,25,23,240.386,0.0644
2024-07-14,3,2,45,34,31,382.736,0.0791
2024-07-15,3,2,50,31,28,287.121,0.0932
2024-07-16,3,2,50,37,34,343.549,0.0764
2024-07-17,3,2,50,29,26,358.207,0.1076
2024-07-18,3,2,50,25,23,234.878,0.0729
2024-07-19,3,2,50,21,19,272.388,0.0788
2024-07-20,3,2,45,20,17,189.696,0.1389
2024-07-21,3,2,45,22,20,285.835,0.0782
2024-07-22,3,2,50,21,18,214.808,0.1314
2024-07-23,3,2,50,20,17,239.373,0.1431
2024-07-24,3,2,50,28,26,274.541,0.087
2024-07-25,3,2,50,25,21,252.146,0.1462
2024-07-26,3,2,50,20,19,287.448,0.0539
2024-07-27,3,2,45,23,20,295.419,0.1205
2024-07-28,3,2,45,22,19,284.526,0.1376
2024-07-29,3,2,50,33,29,387.733,0.1333
2024-07-30,3,2,50,16,14,179.699,0.1283
2024-07-31,3,2,50,20,18,260.848,0.1081
2024-08-01,3,2,50,28,25,286.267,0.0944
2024-08-02,3,2,50,28,26,305.367,0.0684
2024-08-03,3,2,45,22,20,255.637,0.1027
2024-08-04,3,2,45,26,24,303.367,0.0921
2024-08-05,3,2,50,33,30,461.189,0.094
2024-08-06,3,2,50,20,18,209.646,0.1061
2024-08-07,3,2,50,26,23,243.148,0.1249
2024-08-08,3,2,50,25,24,241.713,0.0545
2024-08-09,3,2,50,28,25,384.475,0.0982
2024-08-10,3,2,45,21,18,232.043,0.1516
2024-08-11,3,2,45,18,17,193.578,0.0663
2024-08-12,3,2,50,34,32,394.729,0.0731
2024-08-13,3,2,50,28,27,244.944,0.051
2024-08-14,3,2,50,27,22,294.399,0.1675
2024-08-15,3,2,50,17,16,182.266,0.0863
2024-08-16,3,2,50,32,30,383.823,0.0509
2024-08-17,3,2,45,26,24,254.558,0.0684
2024-08-18,3,2,45,15,14,204.146,0.0635
2024-08-19,3,2,50,25,22,316.751,0.1226
2024-08-20,3,2,50,31,29,359.15,0.0769
2024-08-21,3,2,50,15,13,149.696,0.1091
2024-08-22,3,2,50,23,21,243.977,0.0888
2024-08-23,3,2,50,27,24,295.555,0.1245
2024-08-24,3,2,45,18,17,194.242,0.0764
2024-08-25,3,2,45,15,15,172.234,0.0254
2024-08-26,3,2,50,19,17,201.833,0.0856
2024-08-27,3,2,50,18,16,184.171,0.1031
2024-08-28,3,2,50,25,23,242.96,0.0916
2024-08-29,3,2,50,22,21,259.545,0.048
2024-08-30,3,2,50,27,25,338.933,0.0805
2024-08-31,3,2,45,18,16,254.082,0.1256
2024-09-01,3,2,45,29,26,332.284,0.0991
2024-09-02,3,2,50,28,24,282.221,0.147
2024-09-03,3,2,50,26,24,270.739,0.0944
2024-09-04,3,2,50,14,13,196.169,0.1033
2024-09-05,3,2,50,20,19,215.584,0.059
2024-09-06,3,2,50,22,20,205.866,0.0913
2024-09-07,3,2,45,16,15,184.254,0.09
2024-09-08,3,2,45,26,24,349.26,0.0819
2024-09-09,3,2,50,32,30,365.073,0.0758
2024-09-10,3,2,50,22,19,262.416,0.1186
2024-09-11,3,2,50,17,16,222.468,0.0866
2024-09-12,3,2,50,19,17,193.601,0.1046
2024-09-13,3,2,50,19,17,251.342,0.1159
2024-09-14,3,2,45,21,20,227.716,0.0645
2024-09-15,3,2,45,15,13,177.903,0.1007
2024-09-16,3,2,50,26,24,325.307,0.0581
2024-09-17,3,2,50,21,19,259.076,0.0896
2024-09-18,3,2,50,24,22,286.465,0.0995
2024-09-19,3,2,50,31,28,398.472,0.0931
2024-09-20,3,2,50,19,17,190.729,0.1116
2024-09-21,3,2,45,24,21,218.047,0.1247
2024-09-22,3,2,45,13,11,157.763,0.1297
2024-09-23,3,2,50,25,22,276.195,0.1182
2024-09-24,3,2,50,19,17,201.802,0.0841
2024-09-25,3,2,50,22,20,301.762,0.0883
2024-09-26,3,2,50,21,18,180.841,0.1258
2024-09-27,3,2,50,19,17,215.425,0.1131
2024-09-28,3,2,45,20,18,223.642,0.0886
2024-09-29,3,2,45,17,15,188.637,0.1084
2024-09-30,3,2,50,31,29,328.118,0.0711
2024-10-01,3,2,50,19,17,282.595,0.0847
2024-10-02,3,2,50,9,8,115.607,0.095
2024-10-03,3,2,50,15,14,204.999,0.0889
2024-10-04,3,2,50,27,25,336.324,0.0647
2024-10-05,3,2,45,19,16,183.02,0.1448
2024-10-06,3,2,45,18,16,200.396,0.1347
2024-10-07,3,2,50,15,13,155.614,0.1144
2024-10-08,3,2,50,30,27,295.549,0.1009
2024-10-09,3,2,50,18,16,182.959,0.108
2024-10-10,3,2,50,17,15,142.565,0.0889
2024-10-11,3,2,50,24,23,223.375,0.0491
2024-10-12,3,2,45,15,13,185.006,0.1303
2024-10-13,3,2,45,28,26,349.133,0.0795
2024-10-14,3,2,50,17,16,226.621,0.0457
2024-10-15,3,2,50,15,14,186.225,0.0676
2024-10-16,3,2,50,18,16,225.249,0.0906
2024-10-17,3,2,50,28,25,282.159,0.0959
2024-10-18,3,2,50,25,22,247.535,0.115
2024-10-19,3,2,45,21,20,241.913,0.0676
2024-10-20,3,2,45,15,13,213.415,0.1251
2024-10-21,3,2,50,19,17,196.788,0.0795
2024-10-22,3,2,50,20,18,268.8,0.1158
2024-10-23,3,2,50,19,17,244.022,0.0801
2024-10-24,3,2,50,25,23,261.959,0.0607
2024-10-25,3,2,50,17,15,187.227,0.1096
2024-10-26,3,2,45,23,21,290.532,0.0961
2024-10-27,3,2,45,23,21,247.987,0.1029
2024-10-28,3,2,50,28,26,356.626,0.073
2024-10-29,3,2,50,23,21,289.766,0.1076
2024-10-30,3,2,50,24,22,246.101,0.0753
2024-10-31,3,2,50,20,18,214.092,0.0868
2024-11-01,3,2,50,27,24,364.846,0.1045
2024-11-02,3,2,45,26,23,232.962,0.0982
2024-11-03,3,2,45,15,13,198.482,0.1174
2024-11-04,3,2,50,20,19,176.437,0.0322
2024-11-05,3,2,50,22,20,236.589,0.0856
2024-11-06,3,2,50,34,30,295.387,0.117
2024-11-07,3,2,50,19,19,201.393,0.01
2024-11-08,3,2,50,16,14,207.191,0.0962
2024-11-09,3,2,45,26,23,263.831,0.098
2024-11-10,3,2,45,17,16,216.271,0.0731
2024-11-11,3,2,50,29,26,360.554,0.0868
2024-11-12,3,2,50,21,18,226.657,0.1364
2024-11-13,3,2,50,21,19,246.186,0.1042
2024-11-14,3,2,50,16,14,191.704,0.1167
2024-11-15,3,2,50,29,26,343.781,0.1035
2024-11-16,3,2,45,31,28,323.217,0.0981
2024-11-17,3,2,45,21,19,271.546,0.1069
2024-11-18,3,2,50,21,19,339.046,0.1084
2024-11-19,3,2,50,22,19,254.437,0.1199
2024-11-20,3,2,50,22,20,274.891,0.0975
2024-11-21,3,2,50,16,14,209.499,0.0985
2024-11-22,3,2,50,22,21,250.092,0.0672
2024-11-23,3,2,45,22,21,241.265,0.0636
2024-11-24,3,2,45,23,22,280.2,0.0646
2024-11-25,3,2,50,29,27,229.388,0.0647
2024-11-26,3,2,50,28,25,346.936,0.1044
2024-11-27,3,2,50,23,21,270.117,0.0707
2024-11-28,3,2,50,24,21,264.663,0.1262
2024-11-29,3,2,50,17,16,195.047,0.0624
2024-11-30,3,2,45,21,18,275.01,0.1256
2024-12-01,3,2,45,26,25,397.006,0.0396
2024-12-02,3,2,50,28,26,276.093,0.0842
2024-12-03,3,2,50,40,38,490.668,0.0481
2024-12-04,3,2,50,24,22,260.29,0.0968
2024-12-05,3,2,50,25,23,322.418,0.0992
2024-12-06,3,2,50,36,34,444.726,0.069
2024-12-07,3,2,45,24,21,323.211,0.1179
2024-12-08,3,2,45,23,21,327.196,0.1022
2024-12-09,3,2,50,24,22,267.49,0.076
2024-12-10,3,2,50,25,22,276.306,0.1147
2024-12-11,3,2,50,27,25,351.948,0.0795
2024-12-12,3,2,50,20,18,245.423,0.1067
2024-12-13,3,2,50,20,19,241.162,0.0608
2024-12-14,3,2,45,23,21,225.195,0.0746
2024-12-15,3,2,45,24,22,303.804,0.0862
2024-12-16,3,2,50,45,42,497.28,0.0655
2024-12-17,3,2,50,36,32,469.294,0.1195
2024-12-18,3,2,50,33,29,320.157,0.135
2024-12-19,3,2,50,24,22,223.939,0.0924
2024-12-20,3,2,50,29,27,264.577,0.0765
2024-12-21,3,2,45,25,22,373.91,0.1234
2024-12-22,3,2,45,28,27,302.856,0.0408
2024-12-23,3,2,50,27,25,243.909,0.0791
2024-12-24,3,2,50,38,35,391.461,0.0781
2024-12-25,3,2,50,26,23,307.852,0.0994
2024-12-26,3,2,50,26,24,277.205,0.0849
2024-12-27,3,2,50,24,21,344.8,0.1177
2024-12-28,3,2,45,29,26,338.654,0.1033
2024-12-29,3,2,45,25,23,312.337,0.0737
2024-12-30,3,2,50,34,32,419.038,0.0535
2024-12-31,3,2,50,23,21,245.273,0.0763
2025-01-01,3,2,50,26,23,335.714,0.1115
2025-01-02,3,2,50,21,19,212.99,0.0762
2025-01-03,3,2,50,32,29,409.215,0.0844
2025-01-04,3,2,45,25,23,256.954,0.0914
2025-01-05,3,2,45,33,29,397.932,0.1084
2025-01-06,3,2,50,31,29,315.184,0.0663
2025-01-07,3,2,50,27,25,277.798,0.0724
2025-01-08,3,2,50,32,29,492.238,0.0957
2025-01-09,3,2,50,29,26,265.516,0.1179
2025-01-10,3,2,50,19,17,189.434,0.079
2025-01-11,3,2,45,23,21,227.101,0.077
2025-01-12,3,2,45,26,24,273.827,0.0905
2025-01-13,3,2,50,36,34,571.523,0.0604
2025-01-14,3,2,50,30,27,301.279,0.0843
2025-01-15,3,2,50,13,12,150.762,0.0838
2025-01-16,3,2,50,29,27,311.391,0.0859
2025-01-17,3,2,50,32,29,471.619,0.108
2025-01-18,3,2,45,35,30,401.97,0.1422
2025-01-19,3,2,45,23,20,283.986,0.15
2025-01-20,3,2,50,43,38,371.526,0.108
2025-01-21,3,2,50,34,29,419.347,0.1366
2025-01-22,3,2,50,30,27,262.281,0.0989
2025-01-23,3,2,50,33,31,407.138,0.0471
2025-01-24,3,2,50,28,26,293.283,0.0672
2025-01-25,3,2,45,23,21,197.421,0.1082
2025-01-26,3,2,45,17,15,202.227,0.0977
2025-01-27,3,2,50,37,34,400.739,0.07
2025-01-28,3,2,50,41,36,407.558,0.1267
2025-01-29,3,2,50,42,36,460.424,0.1311
2025-01-30,3,2,50,30,27,346.911,0.0888
2025-01-31,3,2,50,23,21,270.624,0.0724
2025-02-01,3,2,45,28,25,315.817,0.1198
2025-02-02,3,2,45,31,27,387.82,0.1213
2025-02-03,3,2,50,36,32,348.864,0.1016
2025-02-04,3,2,50,37,35,424.207,0.0495
2025-02-05,3,2,50,23,21,228.564,0.0866
2025-02-06,3,2,50,22,21,258.353,0.0664
2025-02-07,3,2,50,29,26,326.695,0.0933
2025-02-08,3,2,45,31,28,497.49,0.1119
2025-02-09,3,2,45,25,23,321.669,0.0819
2025-02-10,3,2,50,31,29,320.317,0.0612
2025-02-11,3,2,50,31,28,312.291,0.0812
2025-02-12,3,2,50,39,37,405.162,0.0571
2025-02-13,3,2,50,30,28,374.75,0.0803
2025-02-14,3,2,50,30,26,334.249,0.1445
2025-02-15,3,2,45,33,29,359.678,0.1178
2025-02-16,3,2,45,35,32,413.781,0.0795
2025-02-17,3,2,50,33,30,412.707,0.0959
2025-02-18,3,2,50,33,30,373.603,0.079
2025-02-19,3,2,50,34,32,318.393,0.0664
2025-02-20,3,2,50,42,38,587.963,0.1029
2025-02-21,3,2,50,31,28,347.506,0.0883
2025-02-22,3,2,45,35,32,381.443,0.0943
2025-02-23,3,2,45,30,28,287.668,0.078
2025-02-24,3,2,50,32,29,350.916,0.0838
2025-02-25,3,2,50,38,35,458.337,0.0921
2025-02-26,3,2,50,38,35,363.631,0.073
2025-02-27,3,2,50,31,26,324.894,0.159
2025-02-28,3,2,50,34,31,446.182,0.0821
2025-03-01,3,2,45,27,25,249.916,0.0658
2025-03-02,3,2,45,26,23,264.055,0.1071
2025-03-03,3,2,50,46,43,555.211,0.0735
2025-03-04,3,2,50,29,26,274.877,0.1013
2025-03-05,3,2,50,32,30,315.207,0.0734
2025-03-06,3,2,50,21,19,265.694,0.0734
2025-03-07,3,2,50,27,24,325.833,0.097
2025-03-08,3,2,45,22,19,247.066,0.1389
2025-03-09,3,2,45,29,27,347.316,0.0647
2025-03-10,3,2,50,34,31,369.462,0.1001
2025-03-11,3,2,50,42,36,514.594,0.1457
2025-03-12,3,2,50,28,27,282.595,0.0454
2025-03-13,3,2,50,32,29,331.146,0.0842
2025-03-14,3,2,50,39,34,512.059,0.1277
2025-03-15,3,2,45,34,31,393.66,0.0959
2025-03-16,3,2,45,26,23,188.78,0.1311
2025-03-17,3,2,50,30,26,294.58,0.1332
2025-03-18,3,2,50,46,42,622.87,0.0944
2025-03-19,3,2,50,33,30,341.411,0.1047
2025-03-20,3,2,50,30,27,324.407,0.0855
2025-03-21,3,2,50,34,32,382.778,0.0453
2025-03-22,3,2,45,30,27,277.772,0.1084
2025-03-23,3,2,45,26,24,243.411,0.0869
2025-03-24,3,2,50,33,30,351.52,0.0806
2025-03-25,3,2,50,39,36,402.86,0.079
2025-03-26,3,2,50,48,45,633.375,0.058
2025-03-27,3,2,50,39,36,345.438,0.0828
2025-03-28,3,2,50,35,32,315.76,0.0785
2025-03-29,3,2,45,43,41,558.635,0.0478
2025-03-30,3,2,45,23,21,241.297,0.1009
2025-03-31,3,2,50,41,39,468.783,0.0425
2025-04-01,3,2,50,29,27,394.49,0.0643
2025-04-02,3,2,50,38,35,445.258,0.0748
2025-04-03,3,2,50,22,20,228.549,0.0959
2025-04-04,3,2,50,34,32,290.752,0.0573
2025-04-05,3,2,45,28,25,326.871,0.0964
2025-04-06,3,2,45,29,26,332.132,0.0994
2025-04-07,3,2,50,37,34,352.211,0.087
2025-04-08,3,2,50,32,30,340.51,0.0625
2025-04-09,3,2,50,40,36,482.382,0.105
2025-04-10,3,2,50,45,41,445.688,0.0992
2025-04-11,3,2,50,42,38,528.437,0.0847
2025-04-12,3,2,45,30,27,347.522,0.0877
2025-04-13,3,2,45,31,28,360.363,0.086
2025-04-14,3,2,50,44,41,565.031,0.0672
2025-04-15,3,2,50,41,37,417.432,0.0971
2025-04-16,3,2,50,32,28,350.684,0.1117
2025-04-17,3,2,50,26,24,313.438,0.0758
2025-04-18,3,2,50,31,28,398.013,0.0953
2025-04-19,3,2,45,30,26,262.423,0.1274
2025-04-20,3,2,45,27,24,270.878,0.1029
2025-04-21,3,2,50,37,33,444.93,0.0958
2025-04-22,3,2,50,38,34,374.787,0.0933
2025-04-23,3,2,50,32,29,301.266,0.1091
2025-04-24,3,2,50,29,27,327.813,0.0691
2025-04-25,3,2,50,33,30,384.684,0.1005
2025-04-26,3,2,45,23,21,253.749,0.0817
2025-04-27,3,2,45,27,26,291.56,0.02
2025-04-28,3,2,50,36,31,412.019,0.1481
2025-04-29,3,2,50,30,28,403.132,0.0714
2025-04-30,3,2,50,34,32,378.596,0.0699
2025-05-01,3,2,50,34,31,476.212,0.0834
2025-05-02,3,2,50,36,33,388.388,0.0832
2025-05-03,3,2,45,26,24,290.115,0.0659
2025-05-04,3,2,45,32,29,434.107,0.1083
2025-05-05,3,2,50,37,34,406.741,0.0849
2025-05-06,3,2,50,40,36,493.879,0.0991
2025-05-07,3,2,50,35,33,480.95,0.0552
2025-05-08,3,2,50,38,34,472.412,0.1095
2025-05-09,3,2,50,23,21,244.536,0.0695
2025-05-10,3,2,45,38,35,386.47,0.0806
2025-05-11,3,2,45,22,20,247.624,0.0781
2025-05-12,3,2,50,54,48,690.18,0.1189
2025-05-13,3,2,50,41,37,434.76,0.0923
2025-05-14,3,2,50,34,32,383.691,0.048
2025-05-15,3,2,50,31,28,389.428,0.1078
2025-05-16,3,2,50,27,25,346.182,0.0612
2025-05-17,3,2,45,23,21,182.151,0.0708
2025-05-18,3,2,45,32,30,317.871,0.0628
2025-05-19,3,2,50,31,29,437.746,0.0798
2025-05-20,3,2,50,37,31,523.398,0.1501
2025-05-21,3,2,50,41,38,551.15,0.0701
2025-05-22,3,2,50,38,35,428.801,0.0664
2025-05-23,3,2,50,38,35,371.79,0.0837
2025-05-24,3,2,45,32,31,303.676,0.0197
2025-05-25,3,2,45,25,22,295.985,0.1036
2025-05-26,3,2,50,35,32,439.186,0.092
2025-05-27,3,2,50,31,28,337.346,0.0972
2025-05-28,3,2,50,32,30,393.16,0.0569
2025-05-29,3,2,50,30,27,360.406,0.1096
2025-05-30,3,2,50,20,18,245.481,0.0998
2025-05-31,3,2,45,34,30,379.845,0.1295
2025-06-01,3,2,45,30,27,355.701,0.1079
2025-06-02,3,2,50,34,30,490.378,0.1268
2025-06-03,3,2,50,30,28,362.761,0.0779
2025-06-04,3,2,50,30,27,312.797,0.0941
2025-06-05,3,2,50,29,25,313.902,0.1371
2025-06-06,3,2,50,35,33,393.076,0.0665
2025-06-07,3,2,45,33,29,375.156,0.1157
2025-06-08,3,2,45,29,27,297.932,0.0666
2025-06-09,3,2,50,27,25,270.571,0.0634
2025-06-10,3,2,50,38,36,514.166,0.0575
2025-06-11,3,2,50,22,20,204.898,0.097
2025-06-12,3,2,50,25,23,315.708,0.0891
2025-06-13,3,2,50,27,25,285.167,0.0848
2025-06-14,3,2,45,26,23,341.248,0.1048
2025-06-15,3,2,45,36,33,475.461,0.0748
2025-06-16,3,2,50,31,29,427.602,0.08
2025-06-17,3,2,50,30,27,363.088,0.0912
2025-06-18,3,2,50,44,41,536.836,0.0745
2025-06-19,3,2,50,34,32,370.723,0.0685
2025-06-20,3,2,50,25,22,283.158,0.109
2025-06-21,3,2,45,29,26,355.912,0.096
2025-06-22,3,2,45,16,14,183.085,0.1006
2025-06-23,3,2,50,30,26,395.176,0.1475
2024-01-01,3,3,50,29,27,436.745,0.0722
2024-01-02,3,3,50,34,30,457.99,0.1057
2024-01-03,3,3,50,28,26,376.142,0.0587
2024-01-04,3,3,50,25,23,266.423,0.0858
2024-01-05,3,3,50,31,28,484.437,0.0917
2024-01-06,3,3,45,34,32,483.453,0.0476
2024-01-07,3,3,45,26,24,333.696,0.0898
2024-01-08,3,3,50,42,38,494.173,0.0902
2024-01-09,3,3,50,38,34,479.418,0.0986
2024-01-10,3,3,50,40,38,578.934,0.061
2024-01-11,3,3,50,23,21,276.191,0.0846
2024-01-12,3,3,50,33,30,463.307,0.0793
2024-01-13,3,3,45,33,30,529.265,0.0821
2024-01-14,3,3,45,26,23,318.106,0.0981
2024-01-15,3,3,50,42,39,532.616,0.072
2024-01-16,3,3,50,49,47,531.967,0.0357
2024-01-17,3,3,50,28,25,346.998,0.091
2024-01-18,3,3,50,27,25,311.818,0.0899
2024-01-19,3,3,50,32,29,382.525,0.0988
2024-01-20,3,3,45,31,27,273.778,0.1404
2024-01-21,3,3,45,25,23,279.223,0.0977
2024-01-22,3,3,50,25,23,281.859,0.0899
2024-01-23,3,3,50,36,33,501.941,0.0831
2024-01-24,3,3,50,24,22,366.3,0.0663
2024-01-25,3,3,50,18,16,259.882,0.1148
2024-01-26,3,3,50,37,34,443.182,0.0769
2024-01-27,3,3,45,27,24,449.104,0.1009
2024-01-28,3,3,45,38,35,562.885,0.0897
2024-01-29,3,3,50,44,41,552.124,0.0723
2024-01-30,3,3,50,38,35,454.52,0.0784
2024-01-31,3,3,50,29,27,325.276,0.0795
2024-02-01,3,3,50,30,27,403.813,0.0966
2024-02-02,3,3,50,33,30,382.737,0.0813
2024-02-03,3,3,45,35,31,429.416,0.127
2024-02-04,3,3,45,35,33,425.619,0.0486
2024-02-05,3,3,50,39,35,435.051,0.1022
2024-02-06,3,3,50,47,44,739.426,0.0635
2024-02-07,3,3,50,25,23,321.68,0.0858
2024-02-08,3,3,50,36,34,437.494,0.0617
2024-02-09,3,3,50,34,31,533.953,0.0952
2024-02-10,3,3,45,42,37,528.059,0.1254
2024-02-11,3,3,45,24,21,300.302,0.1049
2024-02-12,3,3,50,43,38,542.714,0.1078
2024-02-13,3,3,50,35,30,540.792,0.1468
2024-02-14,3,3,50,29,25,395.536,0.137
2024-02-15,3,3,50,25,22,309.606,0.1076
2024-02-16,3,3,50,37,33,510.849,0.1093
2024-02-17,3,3,45,29,27,332.245,0.0763
2024-02-18,3,3,45,18,16,206.701,0.1123
2024-02-19,3,3,50,29,27,411.015,0.0782
2024-02-20,3,3,50,34,32,390.4,0.0652
2024-02-21,3,3,50,24,22,287.89,0.0901
2024-02-22,3,3,50,35,31,428.335,0.1263
2024-02-23,3,3,50,30,29,462.077,0.0468
2024-02-24,3,3,45,35,31,438.786,0.1204
2024-02-25,3,3,45,26,24,372.635,0.0862
2024-02-26,3,3,50,38,36,505.297,0.0582
2024-02-27,3,3,50,36,33,519.711,0.0909
2024-02-28,3,3,50,31,28,365.422,0.1054
2024-02-29,3,3,50,30,26,437.717,0.1365
2024-03-01,3,3,50,33,29,509.244,0.1318
2024-03-02,3,3,45,22,19,264.86,0.1145
2024-03-03,3,3,45,36,31,477.682,0.1283
2024-03-04,3,3,50,45,41,542.116,0.0875
2024-03-05,3,3,50,37,35,476.33,0.0665
2024-03-06,3,3,50,31,29,399.644,0.0658
2024-03-07,3,3,50,31,28,392.244,0.1087
2024-03-08,3,3,50,38,36,491.38,0.053
2024-03-09,3,3,45,39,35,504.956,0.101
2024-03-10,3,3,45,36,33,543.72,0.0757
2024-03-11,3,3,50,35,33,439.666,0.0586
2024-03-12,3,3,50,44,39,673.75,0.1046
2024-03-13,3,3,50,34,31,424.771,0.0841
2024-03-14,3,3,50,43,39,434.111,0.0893
2024-03-15,3,3,50,35,32,543.347,0.0723
2024-03-16,3,3,45,41,38,483.134,0.0725
2024-03-17,3,3,45,35,32,469.464,0.0913
2024-03-18,3,3,50,46,42,579.935,0.0922
2024-03-19,3,3,50,39,35,557.907,0.092
2024-03-20,3,3,50,31,30,451.491,0.0479
2024-03-21,3,3,50,28,25,336.696,0.1123
2024-03-22,3,3,50,24,22,300.257,0.0659
2024-03-23,3,3,45,42,39,624.799,0.0596
2024-03-24,3,3,45,29,27,327.115,0.0676
2024-03-25,3,3,50,30,28,451.909,0.0566
2024-03-26,3,3,50,36,34,451.35,0.0566
2024-03-27,3,3,50,23,21,297.121,0.0949
2024-03-28,3,3,50,36,34,408.444,0.0681
2024-03-29,3,3,50,33,30,408.356,0.085
2024-03-30,3,3,45,26,24,429.19,0.0671
2024-03-31,3,3,45,22,21,282.405,0.0576
2024-04-01,3,3,50,41,38,555.416,0.0736
2024-04-02,3,3,50,22,19,284.411,0.1392
2024-04-03,3,3,50,14,13,190.85,0.1046
2024-04-04,3,3,50,42,41,407.484,0.0235
2024-04-05,3,3,50,40,37,564.527,0.0682
2024-04-06,3,3,45,39,36,569.441,0.0854
2024-04-07,3,3,45,40,37,445.591,0.0763
2024-04-08,3,3,50,34,31,442.257,0.0793
2024-04-09,3,3,50,40,37,502.1,0.0827
2024-04-10,3,3,50,29,27,424.401,0.065
2024-04-11,3,3,50,28,25,332.15,0.1071
2024-04-12,3,3,50,39,35,468.507,0.0898
2024-04-13,3,3,45,38,34,366.526,0.1098
2024-04-14,3,3,45,30,28,518.674,0.0765
2024-04-15,3,3,50,30,27,376.015,0.0897
2024-04-16,3,3,50,30,27,428.719,0.101
2024-04-17,3,3,50,34,32,343.391,0.0627
2024-04-18,3,3,50,28,27,338.239,0.0529
2024-04-19,3,3,50,34,30,466.009,0.132
2024-04-20,3,3,45,27,25,371.295,0.0924
2024-04-21,3,3,45,35,30,453.43,0.1347
2024-04-22,3,3,50,28,26,390.315,0.0851
2024-04-23,3,3,50,37,33,580.532,0.1131
2024-04-24,3,3,50,29,25,417.17,0.1208
2024-04-25,3,3,50,34,30,480.152,0.1039
2024-04-26,3,3,50,22,20,258.323,0.0777
2024-04-27,3,3,45,31,28,438.806,0.0971
2024-04-28,3,3,45,39,34,526.086,0.1312
2024-04-29,3,3,50,35,31,479.603,0.1264
2024-04-30,3,3,50,50,45,672.168,0.0986
2024-05-01,3,3,50,38,34,495.767,0.0977
2024-05-02,3,3,50,34,32,427.639,0.0591
2024-05-03,3,3,50,40,35,437.709,0.1232
2024-05-04,3,3,45,38,35,505.076,0.0879
2024-05-05,3,3,45,29,27,403.489,0.0568
2024-05-06,3,3,50,28,25,417.59,0.0918
2024-05-07,3,3,50,35,33,458.631,0.0548
2024-05-08,3,3,50,26,24,320.033,0.0842
2024-05-09,3,3,50,31,29,346.583,0.0777
2024-05-10,3,3,50,33,30,375.595,0.098
2024-05-11,3,3,45,25,22,324.952,0.1059
2024-05-12,3,3,45,44,39,636.077,0.1088
2024-05-13,3,3,50,40,36,495.543,0.0954
2024-05-14,3,3,50,31,30,412.466,0.0258
2024-05-15,3,3,50,30,26,477.233,0.1252
2024-05-16,3,3,50,43,39,594.027,0.1013
2024-05-17,3,3,50,28,26,334.04,0.0792
2024-05-18,3,3,45,32,30,433.167,0.065
2024-05-19,3,3,45,35,32,408.608,0.0843
2024-05-20,3,3,50,39,35,603.788,0.108
2024-05-21,3,3,50,46,39,702.37,0.1435
2024-05-22,3,3,50,31,29,330.679,0.0529
2024-05-23,3,3,50,30,27,398.913,0.1136
2024-05-24,3,3,50,42,38,628.915,0.0942
2024-05-25,3,3,45,31,29,427.614,0.0563
2024-05-26,3,3,45,25,24,331.798,0.0494
2024-05-27,3,3,50,44,41,563.52,0.0571
2024-05-28,3,3,50,32,30,497.891,0.0509
2024-05-29,3,3,50,38,36,535.377,0.0636
2024-05-30,3,3,50,28,25,401.558,0.0998
2024-05-31,3,3,50,34,32,389.644,0.0454
2024-06-01,3,3,45,30,27,381.653,0.1135
2024-06-02,3,3,45,30,25,402.483,0.1518
2024-06-03,3,3,50,37,35,503.532,0.0607
2024-06-04,3,3,50,27,25,318.392,0.0679
2024-06-05,3,3,50,29,27,397.997,0.0857
2024-06-06,3,3,50,36,33,488.713,0.0972
2024-06-07,3,3,50,36,32,592.858,0.1126
2024-06-08,3,3,45,38,35,483.155,0.0671
2024-06-09,3,3,45,25,22,270.108,0.1018
2024-06-10,3,3,50,30,27,452.847,0.0887
2024-06-11,3,3,50,39,35,550.465,0.1032
2024-06-12,3,3,50,30,27,376.001,0.0958
2024-06-13,3,3,50,34,32,469.826,0.0467
2024-06-14,3,3,50,28,25,373.839,0.1092
2024-06-15,3,3,45,23,20,357.913,0.1091
2024-06-16,3,3,45,20,18,295.477,0.1185
2024-06-17,3,3,50,35,31,501.715,0.1208
2024-06-18,3,3,50,36,32,472.115,0.1091
2024-06-19,3,3,50,35,32,569.644,0.0875
2024-06-20,3,3,50,37,34,520.016,0.0751
2024-06-21,3,3,50,30,28,402.404,0.0694
2024-06-22,3,3,45,44,40,625.895,0.0966
2024-06-23,3,3,45,18,16,221.789,0.1137
2024-06-24,3,3,50,25,23,386.159,0.066
2024-06-25,3,3,50,28,25,338.609,0.0923
2024-06-26,3,3,50,23,21,295.948,0.0999
2024-06-27,3,3,50,24,21,312.316,0.1132
2024-06-28,3,3,50,34,31,388.119,0.0977
2024-06-29,3,3,45,21,20,257.308,0.0676
2024-06-30,3,3,45,31,30,402.083,0.0452
2024-07-01,3,3,50,33,30,395.246,0.0879
2024-07-02,3,3,50,27,26,362.773,0.0429
2024-07-03,3,3,50,31,30,347.788,0.0323
2024-07-04,3,3,50,38,33,646.351,0.1342
2024-07-05,3,3,50,36,33,545.857,0.0869
2024-07-06,3,3,45,25,24,277.991,0.0265
2024-07-07,3,3,45,26,24,276.716,0.0809
2024-07-08,3,3,50,30,27,447.225,0.0901
2024-07-09,3,3,50,35,33,532.605,0.0543
2024-07-10,3,3,50,33,30,392.166,0.0991
2024-07-11,3,3,50,35,33,548.958,0.0458
2024-07-12,3,3,50,25,22,309.981,0.1218
2024-07-13,3,3,45,32,29,405.092,0.1009
2024-07-14,3,3,45,31,28,405.417,0.0949
2024-07-15,3,3,50,30,27,458.488,0.0869
2024-07-16,3,3,50,32,29,415.656,0.0899
2024-07-17,3,3,50,29,26,413.931,0.0959
2024-07-18,3,3,50,19,17,232.572,0.0953
2024-07-19,3,3,50,30,26,469.101,0.1317
2024-07-20,3,3,45,23,21,318.646,0.0873
2024-07-21,3,3,45,25,22,331.659,0.1066
2024-07-22,3,3,50,30,27,354.135,0.1056
2024-07-23,3,3,50,28,25,342.277,0.1061
2024-07-24,3,3,50,25,23,285.856,0.0691
2024-07-25,3,3,50,29,27,393.574,0.0606
2024-07-26,3,3,50,22,20,264.772,0.0975
2024-07-27,3,3,45,23,22,248.811,0.0416
2024-07-28,3,3,45,24,22,352.27,0.0963
2024-07-29,3,3,50,23,21,252.229,0.1038
2024-07-30,3,3,50,36,33,551.167,0.0913
2024-07-31,3,3,50,20,18,356.743,0.1113
2024-08-01,3,3,50,21,20,272.287,0.0558
2024-08-02,3,3,50,26,24,379.162,0.0935
2024-08-03,3,3,45,27,25,274.002,0.0821
2024-08-04,3,3,45,19,18,256.168,0.0737
2024-08-05,3,3,50,32,30,397.143,0.0585
2024-08-06,3,3,50,28,25,382.142,0.108
2024-08-07,3,3,50,28,25,268.271,0.0903
2024-08-08,3,3,50,29,26,348.808,0.1206
2024-08-09,3,3,50,19,17,255.671,0.1052
2024-08-10,3,3,45,25,23,233.118,0.0932
2024-08-11,3,3,45,18,16,252.15,0.1032
2024-08-12,3,3,50,30,26,485.824,0.1172
2024-08-13,3,3,50,26,24,336.916,0.0923
2024-08-14,3,3,50,19,17,245.035,0.0881
2024-08-15,3,3,50,26,23,376.579,0.1328
2024-08-16,3,3,50,30,27,418.531,0.1066
2024-08-17,3,3,45,32,29,495.09,0.1042
2024-08-18,3,3,45,25,24,384.232,0.0447
2024-08-19,3,3,50,30,27,425.655,0.1025
2024-08-20,3,3,50,18,16,224.447,0.116
2024-08-21,3,3,50,17,16,249.635,0.0625
2024-08-22,3,3,50,27,25,369.648,0.0622
2024-08-23,3,3,50,22,20,257.07,0.0722
2024-08-24,3,3,45,29,26,326.44,0.1118
2024-08-25,3,3,45,27,24,366.965,0.0985
2024-08-26,3,3,50,26,23,342.436,0.0978
2024-08-27,3,3,50,22,19,242.969,0.1189
2024-08-28,3,3,50,25,22,260.532,0.1128
2024-08-29,3,3,50,16,14,227.748,0.0999
2024-08-30,3,3,50,22,21,321.928,0.0455
2024-08-31,3,3,45,18,16,275.199,0.089
2024-09-01,3,3,45,15,14,150.073,0.0514
2024-09-02,3,3,50,23,21,317.589,0.1064
2024-09-03,3,3,50,25,22,286.122,0.1188
2024-09-04,3,3,50,29,27,423.544,0.0832
2024-09-05,3,3,50,30,25,358.815,0.1515
2024-09-06,3,3,50,21,19,265.924,0.1066
2024-09-07,3,3,45,29,26,371.537,0.1044
2024-09-08,3,3,45,24,22,309.661,0.0682
2024-09-09,3,3,50,24,23,302.583,0.0623
2024-09-10,3,3,50,23,21,275.339,0.0767
2024-09-11,3,3,50,25,23,316.418,0.0808
2024-09-12,3,3,50,27,24,333.834,0.0931
2024-09-13,3,3,50,22,21,311.468,0.0637
2024-09-14,3,3,45,30,27,370.146,0.0966
2024-09-15,3,3,45,30,28,378.919,0.0652
2024-09-16,3,3,50,35,31,427.633,0.1083
2024-09-17,3,3,50,34,31,348.503,0.0831
2024-09-18,3,3,50,37,33,560.669,0.1023
2024-09-19,3,3,50,24,22,313.508,0.0803
2024-09-20,3,3,50,23,21,254.386,0.0779
2024-09-21,3,3,45,24,22,283.137,0.0882
2024-09-22,3,3,45,15,13,202.311,0.1281
2024-09-23,3,3,50,26,23,348.604,0.1233
2024-09-24,3,3,50,21,19,288.335,0.0948
2024-09-25,3,3,50,25,24,318.099,0.033
2024-09-26,3,3,50,28,26,379.027,0.0789
2024-09-27,3,3,50,29,27,403.329,0.0586
2024-09-28,3,3,45,16,14,228.221,0.1034
2024-09-29,3,3,45,25,24,299.893,0.0435
2024-09-30,3,3,50,26,22,318.664,0.1357
2024-10-01,3,3,50,24,22,326.218,0.0679
2024-10-02,3,3,50,22,21,339.196,0.063
2024-10-03,3,3,50,16,15,227.025,0.0541
2024-10-04,3,3,50,24,21,285.637,0.1071
2024-10-05,3,3,45,20,19,258.555,0.074
2024-10-06,3,3,45,18,17,241.881,0.0765
2024-10-07,3,3,50,26,24,341.008,0.0765
2024-10-08,3,3,50,20,18,262.239,0.0905
2024-10-09,3,3,50,19,17,220.206,0.0865
2024-10-10,3,3,50,30,26,410.054,0.1322
2024-10-11,3,3,50,24,22,253.878,0.092
2024-10-12,3,3,45,20,19,257.479,0.0504
2024-10-13,3,3,45,24,22,340.841,0.1034
2024-10-14,3,3,50,29,27,343.614,0.064
2024-10-15,3,3,50,27,25,351.602,0.0724
2024-10-16,3,3,50,16,14,233.321,0.0963
2024-10-17,3,3,50,21,19,359.496,0.0871
2024-10-18,3,3,50,20,18,281.203,0.0877
2024-10-19,3,3,45,17,15,259.503,0.0973
2024-10-20,3,3,45,21,20,294.677,0.0573
2024-10-21,3,3,50,17,16,283.63,0.0819
2024-10-22,3,3,50,22,20,351.998,0.0781
2024-10-23,3,3,50,28,25,389.431,0.1178
2024-10-24,3,3,50,21,20,326.467,0.0426
2024-10-25,3,3,50,30,26,394.61,0.1167
2024-10-26,3,3,45,30,26,360.275,0.1241
2024-10-27,3,3,45,20,18,272.49,0.0872
2024-10-28,3,3,50,23,21,264.198,0.1053
2024-10-29,3,3,50,25,23,309.037,0.0929
2024-10-30,3,3,50,19,17,297.399,0.0933
2024-10-31,3,3,50,28,26,369.421,0.0733
2024-11-01,3,3,50,24,21,307.464,0.1234
2024-11-02,3,3,45,24,22,275.453,0.0922
2024-11-03,3,3,45,22,20,286.979,0.0951
2024-11-04,3,3,50,24,22,262.302,0.0976
2024-11-05,3,3,50,36,34,387.138,0.0619
2024-11-06,3,3,50,20,18,237.501,0.0777
2024-11-07,3,3,50,21,19,318.038,0.0926
2024-11-08,3,3,50,21,19,299.27,0.0786
2024-11-09,3,3,45,24,22,292.284,0.0656
2024-11-10,3,3,45,21,19,279.825,0.085
2024-11-11,3,3,50,28,25,401.828,0.1196
2024-11-12,3,3,50,29,28,340.531,0.0321
2024-11-13,3,3,50,19,17,288.375,0.1286
2024-11-14,3,3,50,20,18,228.178,0.1016
2024-11-15,3,3,50,23,21,262.299,0.0939
2024-11-16,3,3,45,25,23,339.65,0.0627
2024-11-17,3,3,45,28,25,289.74,0.0921
2024-11-18,3,3,50,30,28,422.343,0.0573
2024-11-19,3,3,50,28,27,432.747,0.0499
2024-11-20,3,3,50,26,24,355.581,0.0772
2024-11-21,3,3,50,28,26,412.62,0.076
2024-11-22,3,3,50,29,28,475.417,0.0515
2024-11-23,3,3,45,19,17,253.764,0.1209
2024-11-24,3,3,45,31,28,422.567,0.111
2024-11-25,3,3,50,33,30,533.382,0.103
2024-11-26,3,3,50,26,25,253.58,0.0535
2024-11-27,3,3,50,25,22,297.052,0.1036
2024-11-28,3,3,50,22,20,331.374,0.0758
2024-11-29,3,3,50,26,23,391.709,0.1339
2024-11-30,3,3,45,32,28,369.541,0.1364
2024-12-01,3,3,45,21,21,239.462,0.022
2024-12-02,3,3,50,31,28,404.794,0.0859
2024-12-03,3,3,50,23,21,382.345,0.0711
2024-12-04,3,3,50,22,20,322.717,0.1041
2024-12-05,3,3,50,26,24,351.511,0.0811
2024-12-06,3,3,50,27,25,385.774,0.0817
2024-12-07,3,3,45,34,31,455.858,0.1028
2024-12-08,3,3,45,14,13,236.445,0.0677
2024-12-09,3,3,50,29,26,248.753,0.1123
2024-12-10,3,3,50,23,20,289.289,0.1216
2024-12-11,3,3,50,22,20,293.064,0.0951
2024-12-12,3,3,50,30,28,471.148,0.0588
2024-12-13,3,3,50,21,20,277.696,0.0691
2024-12-14,3,3,45,30,28,431.774,0.0684
2024-12-15,3,3,45,21,19,305.201,0.1168
2024-12-16,3,3,50,21,19,206.84,0.1008
2024-12-17,3,3,50,24,22,343.436,0.1041
2024-12-18,3,3,50,35,30,443.002,0.1381
2024-12-19,3,3,50,30,28,400.572,0.0612
2024-12-20,3,3,50,29,27,292.957,0.0575
2024-12-21,3,3,45,28,24,358.906,0.1406
2024-12-22,3,3,45,22,21,290.751,0.0417
2024-12-23,3,3,50,34,33,477.304,0.031
2024-12-24,3,3,50,35,32,512.814,0.0807
2024-12-25,3,3,50,30,26,372.941,0.1432
2024-12-26,3,3,50,23,21,323.093,0.0791
2024-12-27,3,3,50,36,31,512.206,0.1335
2024-12-28,3,3,45,30,27,418.867,0.1164
2024-12-29,3,3,45,34,29,418.797,0.1474
2024-12-30,3,3,50,28,26,356.538,0.0861
2024-12-31,3,3,50,25,23,292.299,0.0807
2025-01-01,3,3,50,25,22,379.702,0.1248
2025-01-02,3,3,50,34,31,416.389,0.088
2025-01-03,3,3,50,20,18,237.668,0.1029
2025-01-04,3,3,45,32,30,431.653,0.0533
2025-01-05,3,3,45,20,18,261.583,0.1089
2025-01-06,3,3,50,23,22,344.279,0.0626
2025-01-07,3,3,50,38,34,553.917,0.1075
2025-01-08,3,3,50,29,26,336.036,0.0946
2025-01-09,3,3,50,27,24,396.832,0.1144
2025-01-10,3,3,50,27,25,263.152,0.0743
2025-01-11,3,3,45,24,21,347.779,0.1097
2025-01-12,3,3,45,28,24,317.441,0.1377
2025-01-13,3,3,50,26,24,269.641,0.0858
2025-01-14,3,3,50,32,28,460.643,0.1279
2025-01-15,3,3,50,39,35,534.576,0.1015
2025-01-16,3,3,50,33,29,364.635,0.1201
2025-01-17,3,3,50,29,26,336.375,0.0866
2025-01-18,3,3,45,27,24,364.389,0.1051
2025-01-19,3,3,45,23,21,285.784,0.0715
2025-01-20,3,3,50,31,28,365.165,0.1044
2025-01-21,3,3,50,33,30,425.89,0.1018
2025-01-22,3,3,50,34,30,460.555,0.1203
2025-01-23,3,3,50,21,19,288.916,0.0994
2025-01-24,3,3,50,31,28,463.687,0.1064
2025-01-25,3,3,45,40,38,610.61,0.0565
2025-01-26,3,3,45,20,18,227.365,0.1176
2025-01-27,3,3,50,29,26,383.004,0.0925
2025-01-28,3,3,50,35,31,496.832,0.114
2025-01-29,3,3,50,37,33,493.151,0.102
2025-01-30,3,3,50,23,21,297.653,0.0933
2025-01-31,3,3,50,17,15,185.389,0.108
2025-02-01,3,3,45,25,22,339.765,0.1095
2025-02-02,3,3,45,23,21,293.913,0.082
2025-02-03,3,3,50,29,26,377.614,0.0874
2025-02-04,3,3,50,36,32,385.041,0.1064
2025-02-05,3,3,50,25,23,285.203,0.0942
2025-02-06,3,3,50,28,25,321.377,0.1015
2025-02-07,3,3,50,37,33,478.172,0.1104
2025-02-08,3,3,45,20,19,324.101,0.0473
2025-02-09,3,3,45,27,24,453.505,0.1225
2025-02-10,3,3,50,42,39,551.771,0.0711
2025-02-11,3,3,50,42,40,559.175,0.0536
2025-02-12,3,3,50,26,23,333.884,0.1009
2025-02-13,3,3,50,27,25,367.523,0.083
2025-02-14,3,3,50,37,34,472.236,0.0875
2025-02-15,3,3,45,33,29,453.2,0.1123
2025-02-16,3,3,45,32,29,385.519,0.102
2025-02-17,3,3,50,46,43,650.925,0.0655
2025-02-18,3,3,50,29,26,326.13,0.1027
2025-02-19,3,3,50,32,29,425.81,0.0792
2025-02-20,3,3,50,28,25,401.707,0.1077
2025-02-21,3,3,50,29,26,438.372,0.1188
2025-02-22,3,3,45,30,28,337.887,0.0578
2025-02-23,3,3,45,27,25,383.982,0.092
2025-02-24,3,3,50,37,33,438.852,0.1055
2025-02-25,3,3,50,36,33,488.193,0.0732
2025-02-26,3,3,50,32,29,351.971,0.1026
2025-02-27,3,3,50,34,31,459.088,0.0835
2025-02-28,3,3,50,29,26,368.803,0.1083
2025-03-01,3,3,45,38,35,396.834,0.0688
2025-03-02,3,3,45,36,33,412.079,0.0827
2025-03-03,3,3,50,37,34,472.764,0.086
2025-03-04,3,3,50,44,41,468.575,0.0646
2025-03-05,3,3,50,24,22,304.367,0.077
2025-03-06,3,3,50,30,27,315.989,0.0882
2025-03-07,3,3,50,34,30,482.835,0.1059
2025-03-08,3,3,45,33,29,384.284,0.1193
2025-03-09,3,3,45,35,31,384.425,0.1084
2025-03-10,3,3,50,37,34,433.188,0.0853
2025-03-11,3,3,50,40,37,529.597,0.0682
2025-03-12,3,3,50,35,32,451.018,0.0817
2025-03-13,3,3,50,40,36,572.233,0.0952
2025-03-14,3,3,50,43,40,467.051,0.0715
2025-03-15,3,3,45,35,31,392.898,0.1216
2025-03-16,3,3,45,22,20,313.899,0.1119
2025-03-17,3,3,50,28,25,386.491,0.0935
2025-03-18,3,3,50,43,38,413.662,0.1147
2025-03-19,3,3,50,41,37,606.874,0.0902
2025-03-20,3,3,50,37,34,499.782,0.0793
2025-03-21,3,3,50,31,29,382.356,0.0803
2025-03-22,3,3,45,32,29,383.702,0.0911
2025-03-23,3,3,45,32,29,428.388,0.0785
2025-03-24,3,3,50,34,30,500.126,0.104
2025-03-25,3,3,50,33,29,426.817,0.1322
2025-03-26,3,3,50,33,30,397.234,0.1041
2025-03-27,3,3,50,35,33,459.581,0.0557
2025-03-28,3,3,50,26,23,286.614,0.1031
2025-03-29,3,3,45,25,22,282.758,0.1032
2025-03-30,3,3,45,40,37,552.227,0.0673
2025-03-31,3,3,50,46,41,699.091,0.1157
2025-04-01,3,3,50,46,40,681.821,0.1289
2025-04-02,3,3,50,27,23,378.699,0.13
2025-04-03,3,3,50,39,36,498.229,0.0883
2025-04-04,3,3,50,20,17,247.255,0.1381
2025-04-05,3,3,45,40,37,548.16,0.0857
2025-04-06,3,3,45,29,26,360.571,0.0886
2025-04-07,3,3,50,23,21,333.07,0.0817
2025-04-08,3,3,50,39,37,429.719,0.0562
2025-04-09,3,3,50,41,38,592.065,0.0831
2025-04-10,3,3,50,33,31,421.572,0.0682
2025-04-11,3,3,50,40,36,483.218,0.1058
2025-04-12,3,3,45,30,29,388.446,0.0485
2025-04-13,3,3,45,38,34,545.442,0.1116
2025-04-14,3,3,50,44,38,638.256,0.1329
2025-04-15,3,3,50,39,35,459.664,0.1114
2025-04-16,3,3,50,27,23,486.357,0.1456
2025-04-17,3,3,50,40,37,473.166,0.085
2025-04-18,3,3,50,27,25,347.372,0.0895
2025-04-19,3,3,45,34,32,376.908,0.0683
2025-04-20,3,3,45,30,29,380.631,0.0435
2025-04-21,3,3,50,23,22,211.38,0.0221
2025-04-22,3,3,50,39,36,506.746,0.0807
2025-04-23,3,3,50,30,27,412.19,0.0959
2025-04-24,3,3,50,31,29,381.351,0.0797
2025-04-25,3,3,50,30,27,319.517,0.0949
2025-04-26,3,3,45,36,33,437.53,0.0739
2025-04-27,3,3,45,37,33,527.176,0.1098
2025-04-28,3,3,50,35,31,452.296,0.1078
2025-04-29,3,3,50,40,35,496.831,0.1302
2025-04-30,3,3,50,22,19,213.667,0.1204
2025-05-01,3,3,50,30,26,318.485,0.1462
2025-05-02,3,3,50,33,30,433.368,0.1004
2025-05-03,3,3,45,32,29,353.11,0.1011
2025-05-04,3,3,45,30,26,344.154,0.1285
2025-05-05,3,3,50,36,34,532.427,0.0544
2025-05-06,3,3,50,36,32,476.202,0.1113
2025-05-07,3,3,50,46,43,618.895,0.0736
2025-05-08,3,3,50,35,32,408.675,0.0988
2025-05-09,3,3,50,33,29,547.269,0.1267
2025-05-10,3,3,45,34,31,424.598,0.0842
2025-05-11,3,3,45,35,31,411.148,0.1037
2025-05-12,3,3,50,38,35,443.215,0.0785
2025-05-13,3,3,50,42,38,543.352,0.092
2025-05-14,3,3,50,36,33,436.727,0.0773
2025-05-15,3,3,50,34,31,436.627,0.0787
2025-05-16,3,3,50,45,41,546.265,0.0839
2025-05-17,3,3,45,36,32,507.271,0.1012
2025-05-18,3,3,45,26,24,331.052,0.0717
2025-05-19,3,3,50,29,27,370.42,0.0861
2025-05-20,3,3,50,39,36,496.2,0.0753
2025-05-21,3,3,50,26,24,373.925,0.0782
2025-05-22,3,3,50,33,29,470.851,0.1215
2025-05-23,3,3,50,31,29,396.079,0.0519
2025-05-24,3,3,45,26,24,271.667,0.0836
2025-05-25,3,3,45,30,27,486.633,0.0924
2025-05-26,3,3,50,26,23,427.5,0.1344
2025-05-27,3,3,50,48,42,643.149,0.1198
2025-05-28,3,3,50,39,37,497.751,0.0611
2025-05-29,3,3,50,31,28,458.548,0.0858
2025-05-30,3,3,50,24,22,221.855,0.0751
2025-05-31,3,3,45,32,28,451.547,0.138
2025-06-01,3,3,45,21,20,308.658,0.0615
2025-06-02,3,3,50,48,43,772.452,0.1055
2025-06-03,3,3,50,28,25,373.729,0.1057
2025-06-04,3,3,50,23,22,277.648,0.0458
2025-06-05,3,3,50,34,31,472.497,0.09
2025-06-06,3,3,50,20,19,241.143,0.0445
2025-06-07,3,3,45,34,30,444.508,0.1117
2025-06-08,3,3,45,27,24,323.375,0.1136
2025-06-09,3,3,50,36,32,423.304,0.1167
2025-06-10,3,3,50,29,26,381.57,0.1097
2025-06-11,3,3,50,26,24,385.638,0.0685
2025-06-12,3,3,50,33,31,453.479,0.0748
2025-06-13,3,3,50,23,21,324.781,0.0722
2025-06-14,3,3,45,27,25,336.311,0.0715
2025-06-15,3,3,45,24,21,365.772,0.1157
2025-06-16,3,3,50,31,27,350.545,0.1227
2025-06-17,3,3,50,40,36,500.972,0.1035
2025-06-18,3,3,50,37,33,535.62,0.1004
2025-06-19,3,3,50,27,25,289.991,0.0827
2025-06-20,3,3,50,39,36,624.626,0.0844
2025-06-21,3,3,45,24,21,329.493,0.1228
2025-06-22,3,3,45,23,21,300.956,0.0658
2025-06-23,3,3,50,33,30,425.394,0.0815
2024-01-01,4,1,55,30,27,229.439,0.0929
2024-01-02,4,1,55,29,27,281.811,0.077
2024-01-03,4,1,55,43,38,355.314,0.1174
2024-01-04,4,1,55,26,24,206.85,0.0698
2024-01-05,4,1,55,24,22,247.325,0.0904
2024-01-06,4,1,50,23,22,200.279,0.0431
2024-01-07,4,1,50,36,33,326.044,0.0969
2024-01-08,4,1,55,30,27,343.048,0.085
2024-01-09,4,1,55,34,31,240.96,0.084
2024-01-10,4,1,55,19,18,202.767,0.0739
2024-01-11,4,1,55,23,22,256.673,0.0461
2024-01-12,4,1,55,31,27,257.34,0.1243
2024-01-13,4,1,50,32,29,279.458,0.0851
2024-01-14,4,1,50,26,24,276.49,0.075
2024-01-15,4,1,55,31,28,278.936,0.1032
2024-01-16,4,1,55,36,33,435.408,0.0784
2024-01-17,4,1,55,29,27,332.26,0.0821
2024-01-18,4,1,55,42,40,374.39,0.0529
2024-01-19,4,1,55,30,27,218.933,0.1096
2024-01-20,4,1,50,22,20,146.47,0.0859
2024-01-21,4,1,50,27,24,330.977,0.0956
2024-01-22,4,1,55,23,20,213.139,0.1191
2024-01-23,4,1,55,36,32,437.622,0.1186
2024-01-24,4,1,55,31,29,298.542,0.0682
2024-01-25,4,1,55,32,31,410.036,0.0345
2024-01-26,4,1,55,30,28,262.913,0.0789
2024-01-27,4,1,50,33,31,236.617,0.0507
2024-01-28,4,1,50,29,27,315.073,0.0713
2024-01-29,4,1,55,34,32,371.046,0.0732
2024-01-30,4,1,55,37,34,293.901,0.0851
2024-01-31,4,1,55,28,25,218.369,0.1121
2024-02-01,4,1,55,30,28,352.629,0.078
2024-02-02,4,1,55,22,20,255.809,0.0826
2024-02-03,4,1,50,31,29,285.15,0.0627
2024-02-04,4,1,50,24,22,170.808,0.0915
2024-02-05,4,1,55,44,38,399.827,0.1284
2024-02-06,4,1,55,38,34,305.117,0.118
2024-02-07,4,1,55,43,39,344.756,0.086
2024-02-08,4,1,55,28,24,233.278,0.1335
2024-02-09,4,1,55,35,32,322.966,0.0856
2024-02-10,4,1,50,39,33,312.256,0.1412
2024-02-11,4,1,50,28,26,234.664,0.065
2024-02-12,4,1,55,28,25,241.274,0.1204
2024-02-13,4,1,55,29,26,307.268,0.1161
2024-02-14,4,1,55,36,34,394.548,0.0428
2024-02-15,4,1,55,36,32,338.346,0.0996
2024-02-16,4,1,55,41,39,322.072,0.0486
2024-02-17,4,1,50,35,33,442.068,0.0659
2024-02-18,4,1,50,33,31,270.751,0.0583
2024-02-19,4,1,55,32,28,304.842,0.1385
2024-02-20,4,1,55,40,33,326.588,0.166
2024-02-21,4,1,55,30,26,248.333,0.1424
2024-02-22,4,1,55,35,34,313.509,0.0424
2024-02-23,4,1,55,29,27,307.786,0.0663
2024-02-24,4,1,50,24,22,209.73,0.081
2024-02-25,4,1,50,35,33,441.126,0.0462
2024-02-26,4,1,55,33,31,373.802,0.0684
2024-02-27,4,1,55,36,32,325.844,0.1214
2024-02-28,4,1,55,27,25,212.243,0.0641
2024-02-29,4,1,55,33,31,314.869,0.0662
2024-03-01,4,1,55,44,41,514.045,0.0611
2024-03-02,4,1,50,24,21,283.124,0.1145
2024-03-03,4,1,50,29,26,242.667,0.0951
2024-03-04,4,1,55,43,39,374.86,0.0927
2024-03-05,4,1,55,42,40,436.091,0.0552
2024-03-06,4,1,55,33,30,365.049,0.0827
2024-03-07,4,1,55,26,24,269.98,0.0873
2024-03-08,4,1,55,30,27,335.268,0.1014
2024-03-09,4,1,50,30,26,227.363,0.1341
2024-03-10,4,1,50,30,28,308.73,0.0664
2024-03-11,4,1,55,38,34,335.638,0.105
2024-03-12,4,1,55,43,38,456.653,0.1104
2024-03-13,4,1,55,32,29,361.613,0.0784
2024-03-14,4,1,55,37,35,403.479,0.0556
2024-03-15,4,1,55,36,32,293.321,0.1146
2024-03-16,4,1,50,35,32,316.077,0.0797
2024-03-17,4,1,50,22,21,212.593,0.0676
2024-03-18,4,1,55,42,38,403.482,0.0847
2024-03-19,4,1,55,36,32,303.746,0.1118
2024-03-20,4,1,55,34,31,339.775,0.0988
2024-03-21,4,1,55,35,32,246.23,0.0972
2024-03-22,4,1,55,36,33,378.251,0.0809
2024-03-23,4,1,50,35,32,355.386,0.0836
2024-03-24,4,1,50,35,31,432.542,0.1079
2024-03-25,4,1,55,39,35,248.371,0.115
2024-03-26,4,1,55,32,30,359.513,0.076
2024-03-27,4,1,55,42,39,352.759,0.0672
2024-03-28,4,1,55,35,32,395.752,0.076
2024-03-29,4,1,55,36,33,307.62,0.0746
2024-03-30,4,1,50,29,26,234.062,0.0974
2024-03-31,4,1,50,36,32,442.156,0.1095
2024-04-01,4,1,55,30,28,253.289,0.0722
2024-04-02,4,1,55,35,32,380.192,0.0716
2024-04-03,4,1,55,25,24,251.979,0.056
2024-04-04,4,1,55,27,25,266.692,0.0888
2024-04-05,4,1,55,35,31,308.461,0.1283
2024-04-06,4,1,50,36,32,414.348,0.1064
2024-04-07,4,1,50,27,25,306.531,0.0572
2024-04-08,4,1,55,39,36,338.899,0.0721
2024-04-09,4,1,55,46,42,396.681,0.0777
2024-04-10,4,1,55,30,27,280.611,0.0904
2024-04-11,4,1,55,39,35,373.908,0.0974
2024-04-12,4,1,55,31,29,301.08,0.0707
2024-04-13,4,1,50,41,37,439.512,0.0904
2024-04-14,4,1,50,26,24,222.295,0.0674
2024-04-15,4,1,55,50,45,611.757,0.0998
2024-04-16,4,1,55,35,33,388.513,0.0643
2024-04-17,4,1,55,36,33,396.188,0.0889
2024-04-18,4,1,55,28,25,290.013,0.1138
2024-04-19,4,1,55,37,32,418.762,0.1237
2024-04-20,4,1,50,36,32,490.167,0.1207
2024-04-21,4,1,50,33,30,276.787,0.1055
2024-04-22,4,1,55,34,30,334.268,0.1105
2024-04-23,4,1,55,39,36,431.833,0.0717
2024-04-24,4,1,55,31,28,263.225,0.0919
2024-04-25,4,1,55,32,30,288.263,0.0722
2024-04-26,4,1,55,42,38,271.8,0.0846
2024-04-27,4,1,50,35,32,374.431,0.0787
2024-04-28,4,1,50,35,32,251.175,0.0925
2024-04-29,4,1,55,31,28,214.171,0.1018
2024-04-30,4,1,55,30,27,347.065,0.1039
2024-05-01,4,1,55,38,34,437.832,0.1002
2024-05-02,4,1,55,23,21,291.409,0.0869
2024-05-03,4,1,55,33,28,270.196,0.1429
2024-05-04,4,1,50,25,23,245.821,0.0796
2024-05-05,4,1,50,24,23,262.593,0.0434
2024-05-06,4,1,55,38,36,418.586,0.0651
2024-05-07,4,1,55,31,28,270.009,0.0899
2024-05-08,4,1,55,25,23,274.587,0.0714
2024-05-09,4,1,55,36,34,443.62,0.054
2024-05-10,4,1,55,28,25,207.65,0.1042
2024-05-11,4,1,50,29,26,325.494,0.1171
2024-05-12,4,1,50,20,18,181.697,0.11
2024-05-13,4,1,55,35,30,287.667,0.1373
2024-05-14,4,1,55,37,34,389.744,0.0785
2024-05-15,4,1,55,48,47,312.79,0.0287
2024-05-16,4,1,55,32,29,269.102,0.0932
2024-05-17,4,1,55,25,22,237.814,0.1244
2024-05-18,4,1,50,37,34,331.683,0.0921
2024-05-19,4,1,50,37,32,386.668,0.1218
2024-05-20,4,1,55,33,30,284.213,0.0772
2024-05-21,4,1,55,48,45,457.603,0.0653
2024-05-22,4,1,55,28,26,293.413,0.0811
2024-05-23,4,1,55,29,26,342.328,0.1161
2024-05-24,4,1,55,26,24,193.75,0.0613
2024-05-25,4,1,50,44,40,420.938,0.0836
2024-05-26,4,1,50,29,25,273.967,0.1219
2024-05-27,4,1,55,32,31,283.98,0.0438
2024-05-28,4,1,55,36,33,405.895,0.0765
2024-05-29,4,1,55,28,25,309.524,0.1125
2024-05-30,4,1,55,37,34,411.488,0.0732
2024-05-31,4,1,55,42,38,338.91,0.0897
2024-06-01,4,1,50,34,31,374.872,0.0847
2024-06-02,4,1,50,34,31,309.637,0.1012
2024-06-03,4,1,55,32,29,247.291,0.1039
2024-06-04,4,1,55,35,32,407.772,0.0844
2024-06-05,4,1,55,24,21,293.809,0.144
2024-06-06,4,1,55,38,33,421.522,0.1374
2024-06-07,4,1,55,22,20,205.544,0.0742
2024-06-08,4,1,50,33,29,351.0,0.1154
2024-06-09,4,1,50,17,15,159.176,0.119
2024-06-10,4,1,55,25,23,251.921,0.0772
2024-06-11,4,1,55,29,26,226.283,0.0898
2024-06-12,4,1,55,21,19,185.888,0.0728
2024-06-13,4,1,55,32,29,281.927,0.1012
2024-06-14,4,1,55,32,30,272.73,0.0699
2024-06-15,4,1,50,23,21,255.595,0.098
2024-06-16,4,1,50,31,28,285.12,0.0831
2024-06-17,4,1,55,47,45,368.582,0.0471
2024-06-18,4,1,55,37,34,323.283,0.0915
2024-06-19,4,1,55,21,19,242.205,0.1036
2024-06-20,4,1,55,29,27,291.751,0.0722
2024-06-21,4,1,55,28,26,270.673,0.0691
2024-06-22,4,1,50,32,28,411.038,0.1141
2024-06-23,4,1,50,30,28,310.796,0.0553
2024-06-24,4,1,55,28,25,322.361,0.1228
2024-06-25,4,1,55,42,38,543.998,0.0844
2024-06-26,4,1,55,30,27,263.003,0.0906
2024-06-27,4,1,55,30,26,266.216,0.1345
2024-06-28,4,1,55,29,27,296.416,0.0595
2024-06-29,4,1,50,23,21,248.809,0.0901
2024-06-30,4,1,50,17,16,163.997,0.0353
2024-07-01,4,1,55,22,19,174.723,0.117
2024-07-02,4,1,55,40,35,281.635,0.1271
2024-07-03,4,1,55,26,24,214.463,0.0952
2024-07-04,4,1,55,23,22,240.365,0.0645
2024-07-05,4,1,55,33,30,311.348,0.0936
2024-07-06,4,1,50,33,29,309.435,0.1253
2024-07-07,4,1,50,25,23,290.234,0.0937
2024-07-08,4,1,55,40,37,301.07,0.0854
2024-07-09,4,1,55,38,34,371.212,0.1112
2024-07-10,4,1,55,31,29,345.052,0.0774
2024-07-11,4,1,55,26,23,234.493,0.1252
2024-07-12,4,1,55,20,18,245.528,0.0863
2024-07-13,4,1,50,32,30,282.556,0.0751
2024-07-14,4,1,50,29,27,279.445,0.0752
2024-07-15,4,1,55,31,29,290.067,0.0772
2024-07-16,4,1,55,30,29,227.209,0.0432
2024-07-17,4,1,55,29,26,222.781,0.1044
2024-07-18,4,1,55,28,26,296.356,0.0683
2024-07-19,4,1,55,27,25,267.298,0.0856
2024-07-20,4,1,50,26,24,252.51,0.0705
2024-07-21,4,1,50,24,21,251.039,0.115
2024-07-22,4,1,55,33,30,287.441,0.1047
2024-07-23,4,1,55,40,35,314.673,0.1174
2024-07-24,4,1,55,22,19,181.252,0.1198
2024-07-25,4,1,55,33,30,385.57,0.0958
2024-07-26,4,1,55,20,17,194.447,0.1254
2024-07-27,4,1,50,30,26,278.35,0.1198
2024-07-28,4,1,50,19,18,192.286,0.0583
2024-07-29,4,1,55,24,22,220.271,0.1001
2024-07-30,4,1,55,28,26,247.977,0.0757
2024-07-31,4,1,55,11,10,128.305,0.1164
2024-08-01,4,1,55,27,25,223.571,0.0722
2024-08-02,4,1,55,26,24,243.881,0.0832
2024-08-03,4,1,50,27,25,208.957,0.0839
2024-08-04,4,1,50,22,20,261.627,0.1055
2024-08-05,4,1,55,32,30,208.773,0.0721
2024-08-06,4,1,55,34,32,294.942,0.0553
2024-08-07,4,1,55,29,25,335.084,0.1313
2024-08-08,4,1,55,26,23,283.466,0.0984
2024-08-09,4,1,55,23,21,171.348,0.0954
2024-08-10,4,1,50,24,22,268.98,0.0844
2024-08-11,4,1,50,24,21,174.733,0.112
2024-08-12,4,1,55,23,20,161.015,0.1223
2024-08-13,4,1,55,30,28,260.786,0.0534
2024-08-14,4,1,55,23,21,229.499,0.0729
2024-08-15,4,1,55,29,26,190.683,0.1024
2024-08-16,4,1,55,35,33,361.436,0.0655
2024-08-17,4,1,50,18,17,170.737,0.0751
2024-08-18,4,1,50,21,19,138.733,0.1047
2024-08-19,4,1,55,26,23,273.678,0.1178
2024-08-20,4,1,55,32,29,369.778,0.0785
2024-08-21,4,1,55,21,19,211.786,0.0718
2024-08-22,4,1,55,15,13,146.283,0.1038
2024-08-23,4,1,55,27,25,243.675,0.0724
2024-08-24,4,1,50,24,21,207.779,0.114
2024-08-25,4,1,50,21,18,227.352,0.1343
2024-08-26,4,1,55,27,25,244.426,0.0748
2024-08-27,4,1,55,21,18,191.118,0.1257
2024-08-28,4,1,55,18,16,165.466,0.1127
2024-08-29,4,1,55,31,28,366.966,0.0815
2024-08-30,4,1,55,27,25,316.548,0.0736
2024-08-31,4,1,50,20,19,175.167,0.0724
2024-09-01,4,1,50,20,18,235.639,0.0904
2024-09-02,4,1,55,25,23,285.22,0.0655
2024-09-03,4,1,55,26,24,318.13,0.0711
2024-09-04,4,1,55,11,10,108.222,0.0594
2024-09-05,4,1,55,17,15,188.803,0.1109
2024-09-06,4,1,55,20,18,188.15,0.1066
2024-09-07,4,1,50,17,16,170.271,0.0743
2024-09-08,4,1,50,17,16,141.669,0.0793
2024-09-09,4,1,55,20,18,197.553,0.0938
2024-09-10,4,1,55,26,24,326.927,0.0932
2024-09-11,4,1,55,25,22,216.619,0.1161
2024-09-12,4,1,55,27,24,274.348,0.1128
2024-09-13,4,1,55,26,24,243.349,0.0672
2024-09-14,4,1,50,27,23,199.706,0.1491
2024-09-15,4,1,50,25,23,253.724,0.0969
2024-09-16,4,1,55,29,27,318.784,0.076
2024-09-17,4,1,55,18,17,143.785,0.0687
2024-09-18,4,1,55,25,21,257.173,0.1524
2024-09-19,4,1,55,15,14,151.244,0.0729
2024-09-20,4,1,55,17,16,190.038,0.0814
2024-09-21,4,1,50,20,19,169.155,0.069
2024-09-22,4,1,50,19,17,132.755,0.1121
2024-09-23,4,1,55,30,28,251.686,0.0803
2024-09-24,4,1,55,21,19,221.814,0.0847
2024-09-25,4,1,55,20,18,229.364,0.1105
2024-09-26,4,1,55,21,19,174.345,0.0867
2024-09-27,4,1,55,15,14,150.37,0.055
2024-09-28,4,1,50,17,15,144.766,0.1086
2024-09-29,4,1,50,21,19,194.208,0.1172
2024-09-30,4,1,55,15,13,157.618,0.1193
2024-10-01,4,1,55,23,21,187.087,0.0794
2024-10-02,4,1,55,17,16,211.644,0.0758
2024-10-03,4,1,55,33,29,354.532,0.1099
2024-10-04,4,1,55,22,19,207.101,0.1177
2024-10-05,4,1,50,20,19,172.769,0.067
2024-10-06,4,1,50,16,15,87.954,0.0453
2024-10-07,4,1,55,25,23,244.809,0.0932
2024-10-08,4,1,55,23,20,181.743,0.1195
2024-10-09,4,1,55,25,22,158.702,0.1088
2024-10-10,4,1,55,20,18,189.498,0.1095
2024-10-11,4,1,55,16,16,217.153,0.0243
2024-10-12,4,1,50,19,18,157.488,0.0776
2024-10-13,4,1,50,18,16,177.213,0.1381
2024-10-14,4,1,55,32,30,300.029,0.05
2024-10-15,4,1,55,18,16,211.577,0.1076
2024-10-16,4,1,55,24,23,214.108,0.0614
2024-10-17,4,1,55,19,18,133.402,0.0709
2024-10-18,4,1,55,24,22,241.493,0.0934
2024-10-19,4,1,50,18,17,189.626,0.077
2024-10-20,4,1,50,28,25,312.348,0.0933
2024-10-21,4,1,55,30,27,319.155,0.1092
2024-10-22,4,1,55,31,28,242.805,0.1107
2024-10-23,4,1,55,20,19,178.611,0.0432
2024-10-24,4,1,55,21,19,145.418,0.0808
2024-10-25,4,1,55,24,22,289.121,0.1025
2024-10-26,4,1,50,16,15,191.965,0.0826
2024-10-27,4,1,50,21,19,200.164,0.1085
2024-10-28,4,1,55,28,25,281.78,0.1047
2024-10-29,4,1,55,27,24,232.659,0.1184
2024-10-30,4,1,55,25,22,299.04,0.1165
2024-10-31,4,1,55,14,13,160.728,0.1034
2024-11-01,4,1,55,15,13,189.347,0.1014
2024-11-02,4,1,50,25,24,167.275,0.0407
2024-11-03,4,1,50,24,23,257.421,0.0535
2024-11-04,4,1,55,28,25,278.602,0.1047
2024-11-05,4,1,55,28,25,289.296,0.1007
2024-11-06,4,1,55,26,23,302.916,0.1061
2024-11-07,4,1,55,21,18,214.157,0.1247
2024-11-08,4,1,55,13,12,121.395,0.0939
2024-11-09,4,1,50,20,18,264.889,0.0792
2024-11-10,4,1,50,20,18,186.362,0.1195
2024-11-11,4,1,55,26,23,221.144,0.1109
2024-11-12,4,1,55,18,17,190.213,0.0447
2024-11-13,4,1,55,22,21,190.758,0.0582
2024-11-14,4,1,55,26,23,237.924,0.1109
2024-11-15,4,1,55,18,16,172.776,0.0857
2024-11-16,4,1,50,21,19,179.128,0.0805
2024-11-17,4,1,50,25,23,193.242,0.0957
2024-11-18,4,1,55,21,19,178.808,0.102
2024-11-19,4,1,55,39,36,325.343,0.0867
2024-11-20,4,1,55,15,14,150.714,0.0661
2024-11-21,4,1,55,21,19,268.491,0.1116
2024-11-22,4,1,55,21,18,219.491,0.1278
2024-11-23,4,1,50,21,20,217.715,0.0492
2024-11-24,4,1,50,19,17,198.239,0.1074
2024-11-25,4,1,55,23,20,279.167,0.1284
2024-11-26,4,1,55,27,25,362.839,0.0865
2024-11-27,4,1,55,20,19,204.008,0.0683
2024-11-28,4,1,55,24,22,234.677,0.0906
2024-11-29,4,1,55,23,21,297.281,0.0814
2024-11-30,4,1,50,23,22,162.551,0.0379
2024-12-01,4,1,50,15,14,161.183,0.0619
2024-12-02,4,1,55,19,17,211.762,0.1034
2024-12-03,4,1,55,23,21,220.125,0.0807
2024-12-04,4,1,55,38,35,365.757,0.0844
2024-12-05,4,1,55,28,26,249.46,0.0811
2024-12-06,4,1,55,34,31,264.181,0.0983
2024-12-07,4,1,50,27,24,239.77,0.1256
2024-12-08,4,1,50,30,28,366.685,0.0648
2024-12-09,4,1,55,31,28,266.039,0.0908
2024-12-10,4,1,55,31,29,274.002,0.066
2024-12-11,4,1,55,22,21,168.765,0.0505
2024-12-12,4,1,55,16,14,150.167,0.1237
2024-12-13,4,1,55,20,18,172.741,0.1141
2024-12-14,4,1,50,33,31,394.544,0.0742
2024-12-15,4,1,50,16,14,187.361,0.0979
2024-12-16,4,1,55,37,32,440.54,0.1363
2024-12-17,4,1,55,31,30,284.301,0.0468
2024-12-18,4,1,55,17,15,126.274,0.1278
2024-12-19,4,1,55,29,27,235.751,0.0592
2024-12-20,4,1,55,25,24,241.208,0.026
2024-12-21,4,1,50,20,18,198.485,0.0888
2024-12-22,4,1,50,28,25,228.665,0.0978
2024-12-23,4,1,55,30,28,351.822,0.066
2024-12-24,4,1,55,30,26,228.986,0.1192
2024-12-25,4,1,55,31,28,284.266,0.099
2024-12-26,4,1,55,33,29,310.646,0.1093
2024-12-27,4,1,55,32,29,234.305,0.1047
2024-12-28,4,1,50,32,29,371.406,0.0992
2024-12-29,4,1,50,27,24,282.338,0.1171
2024-12-30,4,1,55,24,23,247.103,0.0612
2024-12-31,4,1,55,26,24,178.065,0.0921
2025-01-01,4,1,55,37,35,407.178,0.0449
2025-01-02,4,1,55,46,43,528.556,0.0674
2025-01-03,4,1,55,22,20,280.88,0.1095
2025-01-04,4,1,50,32,28,290.307,0.1099
2025-01-05,4,1,50,17,15,190.836,0.1214
2025-01-06,4,1,55,30,28,376.486,0.0801
2025-01-07,4,1,55,17,15,153.254,0.0984
2025-01-08,4,1,55,24,22,193.096,0.077
2025-01-09,4,1,55,25,22,147.202,0.1288
2025-01-10,4,1,55,34,32,288.971,0.0514
2025-01-11,4,1,50,27,25,286.545,0.0799
2025-01-12,4,1,50,12,11,123.199,0.1066
2025-01-13,4,1,55,25,23,299.581,0.0956
2025-01-14,4,1,55,25,22,140.491,0.1108
2025-01-15,4,1,55,31,28,297.609,0.1125
2025-01-16,4,1,55,24,22,189.024,0.084
2025-01-17,4,1,55,33,29,330.942,0.1172
2025-01-18,4,1,50,28,26,334.806,0.0758
2025-01-19,4,1,50,37,33,320.371,0.0983
2025-01-20,4,1,55,28,26,241.349,0.0775
2025-01-21,4,1,55,40,36,454.145,0.111
2025-01-22,4,1,55,34,31,315.889,0.0856
2025-01-23,4,1,55,29,26,293.873,0.0987
2025-01-24,4,1,55,28,25,263.645,0.1213
2025-01-25,4,1,50,30,26,222.6,0.1347
2025-01-26,4,1,50,34,32,304.838,0.0642
2025-01-27,4,1,55,29,27,311.799,0.0759
2025-01-28,4,1,55,41,36,446.249,0.1123
2025-01-29,4,1,55,34,31,325.292,0.0959
2025-01-30,4,1,55,27,24,264.019,0.1027
2025-01-31,4,1,55,28,25,195.063,0.0959
2025-02-01,4,1,50,29,26,349.758,0.1142
2025-02-02,4,1,50,33,30,292.122,0.0798
2025-02-03,4,1,55,53,49,654.674,0.0746
2025-02-04,4,1,55,40,36,432.659,0.1008
2025-02-05,4,1,55,31,28,305.246,0.0828
2025-02-06,4,1,55,32,29,330.404,0.0876
2025-02-07,4,1,55,32,30,358.183,0.0563
2025-02-08,4,1,50,39,35,437.722,0.1014
2025-02-09,4,1,50,37,33,454.137,0.101
2025-02-10,4,1,55,43,41,351.933,0.0525
2025-02-11,4,1,55,33,31,291.801,0.057
2025-02-12,4,1,55,39,35,338.784,0.106
2025-02-13,4,1,55,22,20,252.868,0.1125
2025-02-14,4,1,55,25,22,225.383,0.1168
2025-02-15,4,1,50,27,26,241.292,0.0454
2025-02-16,4,1,50,27,25,214.723,0.0921
2025-02-17,4,1,55,34,33,345.885,0.0423
2025-02-18,4,1,55,40,37,333.84,0.0633
2025-02-19,4,1,55,30,26,303.532,0.1175
2025-02-20,4,1,55,32,30,315.665,0.0558
2025-02-21,4,1,55,42,38,407.494,0.0841
2025-02-22,4,1,50,25,23,220.084,0.0767
2025-02-23,4,1,50,24,22,268.786,0.0676
2025-02-24,4,1,55,29,26,256.536,0.0906
2025-02-25,4,1,55,37,35,351.257,0.0589
2025-02-26,4,1,55,34,30,372.348,0.1264
2025-02-27,4,1,55,33,30,305.261,0.1038
2025-02-28,4,1,55,33,31,304.849,0.0755
2025-03-01,4,1,50,17,16,140.382,0.0853
2025-03-02,4,1,50,26,25,189.128,0.0562
2025-03-03,4,1,55,35,33,400.411,0.0713
2025-03-04,4,1,55,28,25,329.831,0.1209
2025-03-05,4,1,55,27,25,244.361,0.0846
2025-03-06,4,1,55,31,28,278.353,0.0828
2025-03-07,4,1,55,40,36,410.356,0.1029
2025-03-08,4,1,50,33,29,376.07,0.1352
2025-03-09,4,1,50,31,30,335.408,0.031
2025-03-10,4,1,55,43,39,497.388,0.0984
2025-03-11,4,1,55,33,31,292.981,0.0696
2025-03-12,4,1,55,35,34,411.456,0.0199
2025-03-13,4,1,55,39,36,439.092,0.0777
2025-03-14,4,1,55,23,22,194.666,0.0556
2025-03-15,4,1,50,33,31,337.312,0.0529
2025-03-16,4,1,50,27,25,248.183,0.0762
2025-03-17,4,1,55,35,32,388.953,0.0717
2025-03-18,4,1,55,28,26,321.351,0.0806
2025-03-19,4,1,55,29,26,271.475,0.1099
2025-03-20,4,1,55,43,38,456.579,0.1216
2025-03-21,4,1,55,24,22,245.793,0.0698
2025-03-22,4,1,50,35,33,366.391,0.058
2025-03-23,4,1,50,40,37,449.569,0.0639
2025-03-24,4,1,55,37,33,425.061,0.0995
2025-03-25,4,1,55,36,32,337.792,0.1059
2025-03-26,4,1,55,32,28,372.706,0.1145
2025-03-27,4,1,55,33,30,305.939,0.1031
2025-03-28,4,1,55,28,26,258.683,0.0547
2025-03-29,4,1,50,42,39,373.497,0.0702
2025-03-30,4,1,50,28,25,267.576,0.1012
2025-03-31,4,1,55,36,31,371.247,0.127
2025-04-01,4,1,55,46,42,531.659,0.0821
2025-04-02,4,1,55,28,26,374.76,0.0865
2025-04-03,4,1,55,41,37,459.613,0.1061
2025-04-04,4,1,55,26,23,291.74,0.0965
2025-04-05,4,1,50,30,27,335.658,0.0928
2025-04-06,4,1,50,37,34,347.123,0.0886
2025-04-07,4,1,55,31,29,327.157,0.0592
2025-04-08,4,1,55,37,34,285.774,0.0924
2025-04-09,4,1,55,29,27,301.362,0.0789
2025-04-10,4,1,55,32,29,244.618,0.1043
2025-04-11,4,1,55,37,34,276.521,0.0755
2025-04-12,4,1,50,28,26,238.791,0.0728
2025-04-13,4,1,50,35,32,369.019,0.098
2025-04-14,4,1,55,32,29,410.552,0.0945
2025-04-15,4,1,55,34,29,348.982,0.1416
2025-04-16,4,1,55,31,28,301.075,0.0926
2025-04-17,4,1,55,38,35,449.888,0.0819
2025-04-18,4,1,55,43,40,460.261,0.0738
2025-04-19,4,1,50,35,32,262.592,0.0936
2025-04-20,4,1,50,34,31,342.284,0.0861
2025-04-21,4,1,55,31,28,281.231,0.1065
2025-04-22,4,1,55,33,31,286.561,0.0659
2025-04-23,4,1,55,32,29,301.46,0.0952
2025-04-24,4,1,55,28,24,310.473,0.1439
2025-04-25,4,1,55,29,26,360.01,0.1171
2025-04-26,4,1,50,30,26,269.125,0.1295
2025-04-27,4,1,50,24,22,243.199,0.0846
2025-04-28,4,1,55,31,28,140.633,0.093
2025-04-29,4,1,55,38,35,399.714,0.0896
2025-04-30,4,1,55,28,26,239.841,0.0599
2025-05-01,4,1,55,29,26,273.585,0.0908
2025-05-02,4,1,55,38,33,330.427,0.1274
2025-05-03,4,1,50,35,32,253.688,0.077
2025-05-04,4,1,50,34,29,339.051,0.1381
2025-05-05,4,1,55,32,29,285.189,0.0817
2025-05-06,4,1,55,29,26,321.224,0.0968
2025-05-07,4,1,55,37,34,337.773,0.0891
2025-05-08,4,1,55,23,22,207.072,0.0616
2025-05-09,4,1,55,30,28,279.364,0.066
2025-05-10,4,1,50,32,30,205.901,0.0499
2025-05-11,4,1,50,31,28,221.279,0.0859
2025-05-12,4,1,55,44,39,458.056,0.1041
2025-05-13,4,1,55,41,38,279.004,0.0808
2025-05-14,4,1,55,28,26,325.816,0.0616
2025-05-15,4,1,55,32,28,228.968,0.1095
2025-05-16,4,1,55,30,28,345.465,0.0742
2025-05-17,4,1,50,38,34,417.981,0.1067
2025-05-18,4,1,50,32,29,362.832,0.0837
2025-05-19,4,1,55,34,30,304.394,0.1032
2025-05-20,4,1,55,38,33,269.837,0.1325
2025-05-21,4,1,55,32,30,408.413,0.0586
2025-05-22,4,1,55,35,32,383.128,0.0962
2025-05-23,4,1,55,40,36,372.863,0.0962
2025-05-24,4,1,50,34,30,383.667,0.1199
2025-05-25,4,1,50,34,32,313.189,0.0629
2025-05-26,4,1,55,27,25,224.809,0.0669
2025-05-27,4,1,55,31,29,254.729,0.0657
2025-05-28,4,1,55,28,25,219.4,0.0979
2025-05-29,4,1,55,34,30,217.106,0.1235
2025-05-30,4,1,55,36,34,450.474,0.0617
2025-05-31,4,1,50,30,27,271.827,0.0954
2025-06-01,4,1,50,32,29,291.761,0.079
2025-06-02,4,1,55,39,37,366.501,0.0436
2025-06-03,4,1,55,31,28,243.152,0.1028
2025-06-04,4,1,55,34,30,353.166,0.1035
2025-06-05,4,1,55,34,30,328.858,0.1153
2025-06-06,4,1,55,28,27,253.047,0.0421
2025-06-07,4,1,50,29,26,271.816,0.1177
2025-06-08,4,1,50,25,24,290.878,0.0301
2025-06-09,4,1,55,33,30,283.71,0.0863
2025-06-10,4,1,55,43,40,355.244,0.0807
2025-06-11,4,1,55,20,18,215.3,0.08
2025-06-12,4,1,55,23,21,109.044,0.0686
2025-06-13,4,1,55,28,25,245.912,0.0956
2025-06-14,4,1,50,33,29,333.922,0.1205
2025-06-15,4,1,50,24,23,296.806,0.0518
2025-06-16,4,1,55,29,26,289.759,0.0894
2025-06-17,4,1,55,32,29,318.806,0.1033
2025-06-18,4,1,55,27,26,249.476,0.0548
2025-06-19,4,1,55,26,23,307.395,0.1209
2025-06-20,4,1,55,22,19,204.082,0.129
2025-06-21,4,1,50,29,26,284.428,0.1134
2025-06-22,4,1,50,22,20,247.163,0.1064
2025-06-23,4,1,55,36,33,318.78,0.0794
2024-01-01,4,2,55,27,25,272.508,0.0787
2024-01-02,4,2,55,31,29,215.679,0.051
2024-01-03,4,2,55,28,25,358.006,0.0952
2024-01-04,4,2,55,24,21,282.023,0.1278
2024-01-05,4,2,55,32,30,388.256,0.0541
2024-01-06,4,2,50,29,28,365.668,0.0493
2024-01-07,4,2,50,28,25,348.588,0.0952
2024-01-08,4,2,55,38,36,428.433,0.0409
2024-01-09,4,2,55,41,38,434.205,0.0669
2024-01-10,4,2,55,35,31,441.062,0.1046
2024-01-11,4,2,55,32,28,356.878,0.1214
2024-01-12,4,2,55,25,22,300.723,0.1055
2024-01-13,4,2,50,28,26,304.746,0.0713
2024-01-14,4,2,50,28,27,289.398,0.0406
2024-01-15,4,2,55,33,29,305.321,0.1193
2024-01-16,4,2,55,36,32,360.941,0.1077
2024-01-17,4,2,55,30,27,360.222,0.0957
2024-01-18,4,2,55,34,31,414.188,0.0772
2024-01-19,4,2,55,35,32,464.644,0.0914
2024-01-20,4,2,50,27,24,323.085,0.1091
2024-01-21,4,2,50,30,26,323.156,0.1182
2024-01-22,4,2,55,54,49,459.389,0.087
2024-01-23,4,2,55,46,43,435.753,0.0631
2024-01-24,4,2,55,36,33,335.402,0.0905
2024-01-25,4,2,55,29,27,284.032,0.0522
2024-01-26,4,2,55,32,29,396.13,0.0848
2024-01-27,4,2,50,40,36,479.608,0.1107
2024-01-28,4,2,50,24,21,302.581,0.1161
2024-01-29,4,2,55,27,23,314.292,0.1319
2024-01-30,4,2,55,22,20,244.559,0.0878
2024-01-31,4,2,55,31,29,350.967,0.0798
2024-02-01,4,2,55,27,26,375.284,0.0551
2024-02-02,4,2,55,29,27,358.099,0.0721
2024-02-03,4,2,50,32,31,396.153,0.0435
2024-02-04,4,2,50,33,30,379.647,0.093
2024-02-05,4,2,55,33,30,386.373,0.0789
2024-02-06,4,2,55,34,31,362.777,0.0856
2024-02-07,4,2,55,34,32,466.575,0.0509
2024-02-08,4,2,55,35,31,440.928,0.1039
2024-02-09,4,2,55,38,35,420.706,0.0817
2024-02-10,4,2,50,32,28,310.203,0.1226
2024-02-11,4,2,50,27,25,264.984,0.0687
2024-02-12,4,2,55,38,34,356.642,0.0985
2024-02-13,4,2,55,50,46,546.091,0.0829
2024-02-14,4,2,55,34,31,408.138,0.0842
2024-02-15,4,2,55,32,30,352.637,0.0584
2024-02-16,4,2,55,38,34,455.322,0.0963
2024-02-17,4,2,50,41,37,307.176,0.0941
2024-02-18,4,2,50,37,35,456.193,0.0626
2024-02-19,4,2,55,38,34,446.884,0.1072
2024-02-20,4,2,55,43,39,568.061,0.0958
2024-02-21,4,2,55,35,32,327.589,0.0746
2024-02-22,4,2,55,26,24,290.458,0.0846
2024-02-23,4,2,55,22,19,307.545,0.1382
2024-02-24,4,2,50,34,32,387.054,0.0441
2024-02-25,4,2,50,34,31,429.092,0.0746
2024-02-26,4,2,55,33,30,424.832,0.0946
2024-02-27,4,2,55,44,39,418.676,0.124
2024-02-28,4,2,55,41,37,405.562,0.0876
2024-02-29,4,2,55,32,28,369.638,0.1205
2024-03-01,4,2,55,26,23,289.899,0.0978
2024-03-02,4,2,50,40,35,557.465,0.1264
2024-03-03,4,2,50,29,26,346.967,0.0963
2024-03-04,4,2,55,40,36,358.256,0.1055
2024-03-05,4,2,55,32,29,403.693,0.0967
2024-03-06,4,2,55,42,37,526.377,0.1111
2024-03-07,4,2,55,33,28,404.14,0.1398
2024-03-08,4,2,55,36,33,427.616,0.0789
2024-03-09,4,2,50,33,30,394.76,0.0758
2024-03-10,4,2,50,40,36,416.655,0.112
2024-03-11,4,2,55,44,41,437.113,0.079
2024-03-12,4,2,55,38,34,375.131,0.097
2024-03-13,4,2,55,42,37,608.037,0.1276
2024-03-14,4,2,55,33,30,338.72,0.0896
2024-03-15,4,2,55,30,27,443.807,0.1029
2024-03-16,4,2,50,33,31,342.487,0.0636
2024-03-17,4,2,50,27,25,308.858,0.0798
2024-03-18,4,2,55,36,33,480.726,0.092
2024-03-19,4,2,55,41,39,485.467,0.0458
2024-03-20,4,2,55,29,27,328.178,0.0819
2024-03-21,4,2,55,25,22,322.257,0.1052
2024-03-22,4,2,55,31,28,324.681,0.1002
2024-03-23,4,2,50,23,20,252.472,0.1152
2024-03-24,4,2,50,36,33,299.057,0.094
2024-03-25,4,2,55,33,31,399.852,0.0511
2024-03-26,4,2,55,46,41,544.476,0.1052
2024-03-27,4,2,55,32,29,390.633,0.0811
2024-03-28,4,2,55,30,26,263.653,0.1267
2024-03-29,4,2,55,40,37,349.986,0.077
2024-03-30,4,2,50,33,31,304.295,0.0683
2024-03-31,4,2,50,41,37,500.53,0.0919
2024-04-01,4,2,55,53,48,740.245,0.0973
2024-04-02,4,2,55,45,41,457.904,0.0995
2024-04-03,4,2,55,34,29,360.954,0.1504
2024-04-04,4,2,55,31,29,352.821,0.0651
2024-04-05,4,2,55,29,26,315.016,0.0938
2024-04-06,4,2,50,39,35,505.915,0.103
2024-04-07,4,2,50,30,28,298.362,0.0766
2024-04-08,4,2,55,47,43,593.66,0.0849
2024-04-09,4,2,55,30,28,333.351,0.0739
2024-04-10,4,2,55,34,32,333.534,0.0557
2024-04-11,4,2,55,37,32,274.99,0.1253
2024-04-12,4,2,55,45,41,390.754,0.0806
2024-04-13,4,2,50,27,26,309.876,0.0367
2024-04-14,4,2,50,29,26,319.02,0.107
2024-04-15,4,2,55,37,33,471.463,0.1
2024-04-16,4,2,55,36,32,415.729,0.118
2024-04-17,4,2,55,39,35,414.782,0.095
2024-04-18,4,2,55,32,29,378.42,0.0874
2024-04-19,4,2,55,24,22,244.081,0.0666
2024-04-20,4,2,50,35,32,351.664,0.0755
2024-04-21,4,2,50,30,27,262.852,0.0913
2024-04-22,4,2,55,35,32,398.837,0.088
2024-04-23,4,2,55,39,36,384.335,0.0867
2024-04-24,4,2,55,34,31,440.812,0.0985
2024-04-25,4,2,55,43,38,527.24,0.1113
2024-04-26,4,2,55,30,27,420.036,0.097
2024-04-27,4,2,50,21,19,278.615,0.0809
2024-04-28,4,2,50,37,34,351.862,0.082
2024-04-29,4,2,55,46,43,483.707,0.0626
2024-04-30,4,2,55,46,42,595.523,0.0866
2024-05-01,4,2,55,32,29,378.184,0.101
2024-05-02,4,2,55,34,32,435.108,0.0672
2024-05-03,4,2,55,35,34,472.629,0.0418
2024-05-04,4,2,50,35,32,275.316,0.0943
2024-05-05,4,2,50,33,31,340.66,0.0721
2024-05-06,4,2,55,39,34,434.041,0.1168
2024-05-07,4,2,55,31,29,390.363,0.0711
2024-05-08,4,2,55,35,32,441.914,0.0866
2024-05-09,4,2,55,36,32,371.546,0.1054
2024-05-10,4,2,55,34,31,421.561,0.089
2024-05-11,4,2,50,35,32,332.115,0.0962
2024-05-12,4,2,50,33,31,429.188,0.0604
2024-05-13,4,2,55,40,36,444.179,0.0894
2024-05-14,4,2,55,48,44,499.666,0.0933
2024-05-15,4,2,55,43,38,416.77,0.1187
2024-05-16,4,2,55,35,32,211.132,0.0728
2024-05-17,4,2,55,38,33,382.146,0.1192
2024-05-18,4,2,50,35,33,397.38,0.0512
2024-05-19,4,2,50,34,31,250.12,0.0989
2024-05-20,4,2,55,31,29,416.577,0.0543
2024-05-21,4,2,55,29,26,293.982,0.1065
2024-05-22,4,2,55,37,34,353.054,0.0681
2024-05-23,4,2,55,33,31,407.883,0.0608
2024-05-24,4,2,55,23,21,283.521,0.0698
2024-05-25,4,2,50,33,31,356.831,0.0745
2024-05-26,4,2,50,25,23,283.56,0.0889
2024-05-27,4,2,55,34,31,346.685,0.0869
2024-05-28,4,2,55,30,28,300.97,0.0648
2024-05-29,4,2,55,35,32,357.853,0.0911
2024-05-30,4,2,55,29,25,325.126,0.1297
2024-05-31,4,2,55,33,30,324.11,0.0972
2024-06-01,4,2,50,24,22,213.377,0.0805
2024-06-02,4,2,50,27,24,288.087,0.0986
2024-06-03,4,2,55,47,43,556.513,0.0761
2024-06-04,4,2,55,36,31,396.327,0.133
2024-06-05,4,2,55,30,27,363.456,0.0935
2024-06-06,4,2,55,30,28,349.423,0.0568
2024-06-07,4,2,55,24,22,316.56,0.0913
2024-06-08,4,2,50,27,25,276.317,0.0789
2024-06-09,4,2,50,26,24,218.892,0.0932
2024-06-10,4,2,55,48,45,479.167,0.0602
2024-06-11,4,2,55,40,38,446.932,0.0576
2024-06-12,4,2,55,40,38,350.345,0.0564
2024-06-13,4,2,55,32,30,255.172,0.073
2024-06-14,4,2,55,39,37,461.244,0.0505
2024-06-15,4,2,50,24,21,246.25,0.1362
2024-06-16,4,2,50,26,23,285.811,0.1027
2024-06-17,4,2,55,30,26,339.007,0.1396
2024-06-18,4,2,55,39,37,555.155,0.0542
2024-06-19,4,2,55,22,20,229.351,0.0907
2024-06-20,4,2,55,25,23,270.79,0.089
2024-06-21,4,2,55,35,32,347.357,0.0859
2024-06-22,4,2,50,29,27,337.921,0.059
2024-06-23,4,2,50,25,23,350.157,0.0631
2024-06-24,4,2,55,31,28,367.037,0.0944
2024-06-25,4,2,55,23,21,244.642,0.0799
2024-06-26,4,2,55,29,27,270.716,0.0541
2024-06-27,4,2,55,22,21,257.434,0.0521
2024-06-28,4,2,55,34,31,394.535,0.0753
2024-06-29,4,2,50,35,33,324.936,0.0491
2024-06-30,4,2,50,31,28,397.791,0.0858
2024-07-01,4,2,55,36,32,404.098,0.113
2024-07-02,4,2,55,40,37,369.721,0.0679
2024-07-03,4,2,55,26,24,305.657,0.0815
2024-07-04,4,2,55,26,22,285.205,0.1425
2024-07-05,4,2,55,26,24,269.419,0.0886
2024-07-06,4,2,50,31,29,389.295,0.0732
2024-07-07,4,2,50,23,20,267.919,0.1157
2024-07-08,4,2,55,32,30,308.534,0.0639
2024-07-09,4,2,55,34,31,361.689,0.0986
2024-07-10,4,2,55,29,27,417.458,0.0696
2024-07-11,4,2,55,24,21,263.989,0.1063
2024-07-12,4,2,55,25,22,361.469,0.113
2024-07-13,4,2,50,32,29,381.1,0.0784
2024-07-14,4,2,50,27,25,293.86,0.0767
2024-07-15,4,2,55,36,31,412.524,0.1276
2024-07-16,4,2,55,31,30,419.038,0.0423
2024-07-17,4,2,55,33,30,385.327,0.0815
2024-07-18,4,2,55,38,33,376.794,0.1222
2024-07-19,4,2,55,25,22,366.488,0.1103
2024-07-20,4,2,50,27,24,333.62,0.1283
2024-07-21,4,2,50,22,20,279.733,0.0806
2024-07-22,4,2,55,37,34,332.049,0.0829
2024-07-23,4,2,55,25,23,267.254,0.0788
2024-07-24,4,2,55,27,24,369.838,0.1148
2024-07-25,4,2,55,24,21,258.873,0.1082
2024-07-26,4,2,55,26,23,276.05,0.1057
2024-07-27,4,2,50,23,20,240.933,0.1104
2024-07-28,4,2,50,26,24,289.049,0.0888
2024-07-29,4,2,55,31,29,371.929,0.0591
2024-07-30,4,2,55,18,16,168.792,0.086
2024-07-31,4,2,55,23,21,200.978,0.0869
2024-08-01,4,2,55,31,29,388.908,0.0735
2024-08-02,4,2,55,28,25,316.062,0.1063
2024-08-03,4,2,50,23,22,246.304,0.0506
2024-08-04,4,2,50,24,22,265.341,0.0999
2024-08-05,4,2,55,21,19,283.946,0.0972
2024-08-06,4,2,55,31,27,337.914,0.1152
2024-08-07,4,2,55,28,25,380.877,0.1133
2024-08-08,4,2,55,21,19,258.7,0.0737
2024-08-09,4,2,55,26,24,282.195,0.0856
2024-08-10,4,2,50,27,26,290.968,0.0429
2024-08-11,4,2,50,29,25,341.187,0.1375
2024-08-12,4,2,55,26,24,325.181,0.0676
2024-08-13,4,2,55,31,29,369.257,0.067
2024-08-14,4,2,55,28,25,224.193,0.1055
2024-08-15,4,2,55,28,27,308.923,0.0495
2024-08-16,4,2,55,21,19,272.072,0.0722
2024-08-17,4,2,50,28,25,322.59,0.1016
2024-08-18,4,2,50,28,26,325.84,0.0759
2024-08-19,4,2,55,26,24,397.046,0.088
2024-08-20,4,2,55,19,17,235.745,0.1214
2024-08-21,4,2,55,27,25,280.96,0.0853
2024-08-22,4,2,55,29,27,323.676,0.061
2024-08-23,4,2,55,29,27,397.361,0.0851
2024-08-24,4,2,50,15,14,116.611,0.0521
2024-08-25,4,2,50,24,22,223.252,0.0988
2024-08-26,4,2,55,30,27,317.669,0.1098
2024-08-27,4,2,55,29,26,455.038,0.1077
2024-08-28,4,2,55,24,21,253.667,0.1306
2024-08-29,4,2,55,19,18,124.521,0.0768
2024-08-30,4,2,55,24,22,290.789,0.0818
2024-08-31,4,2,50,23,20,261.999,0.1255
2024-09-01,4,2,50,21,19,192.452,0.0746
2024-09-02,4,2,55,22,21,271.023,0.0594
2024-09-03,4,2,55,30,27,369.08,0.0994
2024-09-04,4,2,55,24,21,259.0,0.1248
2024-09-05,4,2,55,20,19,219.546,0.0725
2024-09-06,4,2,55,25,22,268.811,0.1153
2024-09-07,4,2,50,19,17,259.697,0.1102
2024-09-08,4,2,50,19,17,232.988,0.0834
2024-09-09,4,2,55,20,18,218.467,0.1163
2024-09-10,4,2,55,23,21,274.337,0.0843
2024-09-11,4,2,55,22,21,217.505,0.0423
2024-09-12,4,2,55,23,21,236.706,0.0867
2024-09-13,4,2,55,20,19,227.847,0.0509
2024-09-14,4,2,50,23,22,267.328,0.0555
2024-09-15,4,2,50,27,25,343.763,0.0587
2024-09-16,4,2,55,33,28,330.381,0.1367
2024-09-17,4,2,55,32,30,430.733,0.0749
2024-09-18,4,2,55,18,16,180.402,0.116
2024-09-19,4,2,55,26,25,260.312,0.0449
2024-09-20,4,2,55,26,24,306.3,0.0763
2024-09-21,4,2,50,31,28,346.489,0.0957
2024-09-22,4,2,50,24,23,224.156,0.0597
2024-09-23,4,2,55,27,25,251.266,0.0917
2024-09-24,4,2,55,27,25,350.038,0.0685
2024-09-25,4,2,55,23,21,312.359,0.0852
2024-09-26,4,2,55,22,21,261.721,0.0669
2024-09-27,4,2,55,15,14,186.184,0.0808
2024-09-28,4,2,50,25,23,272.825,0.0835
2024-09-29,4,2,50,19,17,172.948,0.0985
2024-09-30,4,2,55,19,18,227.292,0.0764
2024-10-01,4,2,55,25,23,271.937,0.0956
2024-10-02,4,2,55,28,25,343.484,0.1135
2024-10-03,4,2,55,27,25,327.205,0.0666
2024-10-04,4,2,55,20,18,199.033,0.1038
2024-10-05,4,2,50,21,19,272.442,0.096
2024-10-06,4,2,50,23,21,211.287,0.1004
2024-10-07,4,2,55,23,20,271.768,0.1107
2024-10-08,4,2,55,26,24,308.37,0.0779
2024-10-09,4,2,55,23,22,287.536,0.0483
2024-10-10,4,2,55,26,23,320.287,0.1224
2024-10-11,4,2,55,22,21,238.873,0.0597
2024-10-12,4,2,50,24,21,302.152,0.1294
2024-10-13,4,2,50,22,20,261.784,0.1101
2024-10-14,4,2,55,29,27,408.762,0.0692
2024-10-15,4,2,55,25,23,325.149,0.0819
2024-10-16,4,2,55,18,16,208.111,0.0909
2024-10-17,4,2,55,26,23,352.867,0.1305
2024-10-18,4,2,55,30,27,299.978,0.0861
2024-10-19,4,2,50,23,21,248.865,0.0887
2024-10-20,4,2,50,19,18,202.988,0.0396
2024-10-21,4,2,55,29,26,291.279,0.1062
2024-10-22,4,2,55,24,22,359.489,0.0952
2024-10-23,4,2,55,19,19,214.229,0.0239
2024-10-24,4,2,55,23,21,308.729,0.0893
2024-10-25,4,2,55,27,24,286.661,0.0965
2024-10-26,4,2,50,17,15,224.603,0.111
2024-10-27,4,2,50,37,32,439.094,0.1385
2024-10-28,4,2,55,25,23,271.366,0.0684
2024-10-29,4,2,55,28,26,333.1,0.0883
2024-10-30,4,2,55,24,23,296.117,0.0453
2024-10-31,4,2,55,29,27,307.108,0.0646
2024-11-01,4,2,55,23,22,256.785,0.0506
2024-11-02,4,2,50,16,14,159.915,0.1227
2024-11-03,4,2,50,29,27,264.667,0.0653
2024-11-04,4,2,55,29,26,303.873,0.1159
2024-11-05,4,2,55,38,34,507.45,0.1015
2024-11-06,4,2,55,19,18,197.618,0.0766
2024-11-07,4,2,55,20,19,251.399,0.0649
2024-11-08,4,2,55,32,31,382.22,0.0414
2024-11-09,4,2,50,21,19,233.887,0.0976
2024-11-10,4,2,50,24,22,250.231,0.069
2024-11-11,4,2,55,25,22,301.591,0.1241
2024-11-12,4,2,55,29,26,332.804,0.1036
2024-11-13,4,2,55,27,24,250.33,0.107
2024-11-14,4,2,55,42,38,404.204,0.0906
2024-11-15,4,2,55,23,21,212.048,0.0785
2024-11-16,4,2,50,21,19,269.055,0.0917
2024-11-17,4,2,50,29,27,317.614,0.0688
2024-11-18,4,2,55,25,23,296.486,0.0881
2024-11-19,4,2,55,29,26,304.057,0.0978
2024-11-20,4,2,55,18,17,208.687,0.0592
2024-11-21,4,2,55,27,24,192.299,0.1003
2024-11-22,4,2,55,20,19,190.041,0.0686
2024-11-23,4,2,50,23,22,285.579,0.047
2024-11-24,4,2,50,26,24,337.769,0.063
2024-11-25,4,2,55,27,24,421.848,0.0958
2024-11-26,4,2,55,27,25,322.12,0.0667
2024-11-27,4,2,55,22,20,284.866,0.0823
2024-11-28,4,2,55,29,27,308.115,0.0676
2024-11-29,4,2,55,27,25,275.043,0.0769
2024-11-30,4,2,50,20,17,207.796,0.1426
2024-12-01,4,2,50,25,23,259.12,0.0867
2024-12-02,4,2,55,34,30,288.517,0.1204
2024-12-03,4,2,55,32,29,317.617,0.1059
2024-12-04,4,2,55,25,22,328.788,0.1084
2024-12-05,4,2,55,14,13,161.976,0.0959
2024-12-06,4,2,55,29,26,291.613,0.1034
2024-12-07,4,2,50,27,25,347.108,0.0882
2024-12-08,4,2,50,25,22,287.309,0.1186
2024-12-09,4,2,55,21,20,249.379,0.0671
2024-12-10,4,2,55,26,23,239.06,0.1079
2024-12-11,4,2,55,27,23,276.078,0.133
2024-12-12,4,2,55,17,15,180.35,0.1093
2024-12-13,4,2,55,30,27,406.828,0.0943
2024-12-14,4,2,50,33,31,444.291,0.0601
2024-12-15,4,2,50,23,20,304.433,0.1239
2024-12-16,4,2,55,23,20,202.417,0.116
2024-12-17,4,2,55,23,21,263.061,0.091
2024-12-18,4,2,55,27,24,347.329,0.1195
2024-12-19,4,2,55,24,23,269.275,0.0537
2024-12-20,4,2,55,34,30,358.664,0.1135
2024-12-21,4,2,50,30,26,412.454,0.123
2024-12-22,4,2,50,19,16,230.319,0.1323
2024-12-23,4,2,55,23,20,252.965,0.1378
2024-12-24,4,2,55,27,24,436.921,0.1044
2024-12-25,4,2,55,29,27,340.821,0.075
2024-12-26,4,2,55,26,24,335.681,0.092
2024-12-27,4,2,55,25,23,249.631,0.0858
2024-12-28,4,2,50,24,22,229.538,0.0986
2024-12-29,4,2,50,19,18,243.568,0.0591
2024-12-30,4,2,55,41,36,463.913,0.126
2024-12-31,4,2,55,39,36,463.573,0.0804
2025-01-01,4,2,55,25,23,264.74,0.0926
2025-01-02,4,2,55,35,31,408.23,0.1191
2025-01-03,4,2,55,30,29,419.526,0.0343
2025-01-04,4,2,50,26,23,389.754,0.1148
2025-01-05,4,2,50,25,23,323.279,0.0802
2025-01-06,4,2,55,35,31,461.6,0.1074
2025-01-07,4,2,55,27,24,283.477,0.1219
2025-01-08,4,2,55,34,31,325.82,0.0778
2025-01-09,4,2,55,30,27,379.262,0.0842
2025-01-10,4,2,55,28,25,318.925,0.1192
2025-01-11,4,2,50,21,19,249.076,0.0825
2025-01-12,4,2,50,30,27,354.309,0.1035
2025-01-13,4,2,55,29,27,380.127,0.0633
2025-01-14,4,2,55,37,35,378.674,0.0585
2025-01-15,4,2,55,23,21,268.398,0.0955
2025-01-16,4,2,55,41,37,460.875,0.1009
2025-01-17,4,2,55,33,31,474.92,0.0544
2025-01-18,4,2,50,24,22,231.829,0.0876
2025-01-19,4,2,50,23,22,264.629,0.0515
2025-01-20,4,2,55,36,32,473.089,0.1066
2025-01-21,4,2,55,30,28,344.8,0.0745
2025-01-22,4,2,55,28,25,314.005,0.0969
2025-01-23,4,2,55,33,30,339.378,0.09
2025-01-24,4,2,55,40,37,431.019,0.0693
2025-01-25,4,2,50,27,24,259.353,0.1021
2025-01-26,4,2,50,28,25,331.941,0.0917
2025-01-27,4,2,55,44,39,400.612,0.1111
2025-01-28,4,2,55,35,32,464.534,0.0915
2025-01-29,4,2,55,30,26,360.284,0.1306
2025-01-30,4,2,55,34,31,313.003,0.1006
2025-01-31,4,2,55,28,25,338.514,0.113
2025-02-01,4,2,50,44,39,560.703,0.1137
2025-02-02,4,2,50,28,26,352.108,0.0635
2025-02-03,4,2,55,42,38,589.036,0.1028
2025-02-04,4,2,55,35,32,256.981,0.0829
2025-02-05,4,2,55,39,36,373.848,0.0786
2025-02-06,4,2,55,20,18,204.172,0.0975
2025-02-07,4,2,55,36,31,377.174,0.1261
2025-02-08,4,2,50,34,31,326.339,0.0947
2025-02-09,4,2,50,27,25,352.216,0.0711
2025-02-10,4,2,55,36,32,398.875,0.1159
2025-02-11,4,2,55,42,38,514.274,0.0844
2025-02-12,4,2,55,33,31,388.037,0.0748
2025-02-13,4,2,55,35,32,333.4,0.0948
2025-02-14,4,2,55,40,37,403.2,0.0851
2025-02-15,4,2,50,35,32,353.389,0.0809
2025-02-16,4,2,50,30,27,430.408,0.1034
2025-02-17,4,2,55,29,28,349.604,0.0492
2025-02-18,4,2,55,33,29,459.276,0.1093
2025-02-19,4,2,55,30,28,315.298,0.0742
2025-02-20,4,2,55,29,25,363.389,0.1381
2025-02-21,4,2,55,38,33,432.036,0.1232
2025-02-22,4,2,50,33,30,282.501,0.0779
2025-02-23,4,2,50,31,29,360.015,0.0673
2025-02-24,4,2,55,32,30,394.117,0.0679
2025-02-25,4,2,55,31,27,309.077,0.1187
2025-02-26,4,2,55,47,44,544.455,0.0651
2025-02-27,4,2,55,35,31,371.926,0.1117
2025-02-28,4,2,55,30,27,380.628,0.1106
2025-03-01,4,2,50,29,26,305.582,0.0978
2025-03-02,4,2,50,39,37,431.058,0.058
2025-03-03,4,2,55,33,30,466.42,0.103
2025-03-04,4,2,55,30,28,340.13,0.0807
2025-03-05,4,2,55,33,31,406.079,0.0743
2025-03-06,4,2,55,32,28,449.233,0.1181
2025-03-07,4,2,55,36,31,494.798,0.1483
2025-03-08,4,2,50,37,32,484.682,0.1274
2025-03-09,4,2,50,30,27,332.628,0.1131
2025-03-10,4,2,55,36,32,368.237,0.1229
2025-03-11,4,2,55,41,38,459.538,0.064
2025-03-12,4,2,55,34,30,398.211,0.1149
2025-03-13,4,2,55,32,30,348.893,0.0477
2025-03-14,4,2,55,45,40,537.937,0.1049
2025-03-15,4,2,50,37,34,468.374,0.088
2025-03-16,4,2,50,24,21,308.007,0.1107
2025-03-17,4,2,55,41,37,464.122,0.0881
2025-03-18,4,2,55,45,39,408.459,0.1398
2025-03-19,4,2,55,37,34,413.511,0.0886
2025-03-20,4,2,55,38,34,403.64,0.1069
2025-03-21,4,2,55,43,37,546.86,0.1503
2025-03-22,4,2,50,41,36,506.118,0.12
2025-03-23,4,2,50,30,29,332.742,0.0267
2025-03-24,4,2,55,43,38,376.442,0.1274
2025-03-25,4,2,55,39,36,338.581,0.0869
2025-03-26,4,2,55,39,35,459.492,0.1033
2025-03-27,4,2,55,28,26,366.116,0.086
2025-03-28,4,2,55,30,26,328.074,0.1224
2025-03-29,4,2,50,32,30,321.266,0.0615
2025-03-30,4,2,50,20,18,238.385,0.1067
2025-03-31,4,2,55,37,34,480.356,0.0761
2025-04-01,4,2,55,44,41,492.661,0.0658
2025-04-02,4,2,55,31,29,323.651,0.0742
2025-04-03,4,2,55,32,29,402.922,0.081
2025-04-04,4,2,55,45,42,421.0,0.0684
2025-04-05,4,2,50,36,34,456.709,0.0619
2025-04-06,4,2,50,25,23,277.997,0.0812
2025-04-07,4,2,55,31,28,423.5,0.1046
2025-04-08,4,2,55,50,46,577.009,0.0714
2025-04-09,4,2,55,31,29,272.368,0.0679
2025-04-10,4,2,55,38,35,514.578,0.0762
2025-04-11,4,2,55,33,31,456.29,0.0662
2025-04-12,4,2,50,33,31,371.99,0.0506
2025-04-13,4,2,50,33,30,388.097,0.1026
2025-04-14,4,2,55,35,32,439.152,0.0715
2025-04-15,4,2,55,37,34,434.522,0.0711
2025-04-16,4,2,55,38,37,443.858,0.0307
2025-04-17,4,2,55,45,44,432.078,0.0323
2025-04-18,4,2,55,43,39,443.287,0.0903
2025-04-19,4,2,50,38,36,421.51,0.0585
2025-04-20,4,2,50,30,26,344.974,0.1302
2025-04-21,4,2,55,46,41,526.755,0.1111
2025-04-22,4,2,55,31,29,354.977,0.0647
2025-04-23,4,2,55,32,29,369.215,0.084
2025-04-24,4,2,55,35,32,391.065,0.072
2025-04-25,4,2,55,36,33,309.427,0.0768
2025-04-26,4,2,50,41,36,437.53,0.1149
2025-04-27,4,2,50,38,36,399.541,0.0431
2025-04-28,4,2,55,33,30,365.831,0.0823
2025-04-29,4,2,55,39,36,410.277,0.0767
2025-04-30,4,2,55,38,34,395.253,0.1045
2025-05-01,4,2,55,32,29,372.173,0.0972
2025-05-02,4,2,55,33,29,373.986,0.1095
2025-05-03,4,2,50,30,29,367.653,0.0397
2025-05-04,4,2,50,31,28,363.928,0.0984
2025-05-05,4,2,55,29,26,435.173,0.0904
2025-05-06,4,2,55,39,35,452.077,0.0982
2025-05-07,4,2,55,33,30,306.33,0.0976
2025-05-08,4,2,55,33,31,416.678,0.0551
2025-05-09,4,2,55,32,28,376.949,0.1145
2025-05-10,4,2,50,31,28,328.562,0.0951
2025-05-11,4,2,50,28,26,330.176,0.0707
2025-05-12,4,2,55,40,35,358.374,0.1316
2025-05-13,4,2,55,38,34,399.154,0.0995
2025-05-14,4,2,55,32,29,383.826,0.0947
2025-05-15,4,2,55,35,33,419.93,0.0658
2025-05-16,4,2,55,32,29,380.056,0.0951
2025-05-17,4,2,50,28,25,309.407,0.1003
2025-05-18,4,2,50,40,38,434.792,0.0448
2025-05-19,4,2,55,35,31,468.239,0.1195
2025-05-20,4,2,55,41,37,374.174,0.0972
2025-05-21,4,2,55,29,26,274.12,0.1005
2025-05-22,4,2,55,31,28,330.226,0.089
2025-05-23,4,2,55,24,22,203.156,0.0828
2025-05-24,4,2,50,29,27,295.67,0.0787
2025-05-25,4,2,50,41,38,556.515,0.074
2025-05-26,4,2,55,37,35,467.973,0.0618
2025-05-27,4,2,55,27,26,291.679,0.033
2025-05-28,4,2,55,38,35,403.033,0.09
2025-05-29,4,2,55,37,33,425.54,0.1089
2025-05-30,4,2,55,33,31,323.766,0.0584
2025-05-31,4,2,50,42,38,500.264,0.1049
2025-06-01,4,2,50,27,25,298.799,0.0739
2025-06-02,4,2,55,30,28,297.393,0.0794
2025-06-03,4,2,55,32,29,436.796,0.0943
2025-06-04,4,2,55,31,28,333.568,0.0929
2025-06-05,4,2,55,36,33,364.67,0.0944
2025-06-06,4,2,55,32,30,335.394,0.0598
2025-06-07,4,2,50,37,35,388.98,0.054
2025-06-08,4,2,50,27,25,286.481,0.0635
2025-06-09,4,2,55,45,41,509.853,0.0973
2025-06-10,4,2,55,32,28,382.259,0.1099
2025-06-11,4,2,55,41,36,460.192,0.1129
2025-06-12,4,2,55,41,38,509.651,0.0773
2025-06-13,4,2,55,28,24,244.475,0.1395
2025-06-14,4,2,50,27,25,405.421,0.0899
2025-06-15,4,2,50,26,24,288.514,0.0909
2025-06-16,4,2,55,36,33,369.398,0.0911
2025-06-17,4,2,55,27,24,302.714,0.1059
2025-06-18,4,2,55,24,21,287.534,0.1314
2025-06-19,4,2,55,34,30,414.412,0.1166
2025-06-20,4,2,55,30,28,315.308,0.0725
2025-06-21,4,2,50,33,29,437.675,0.121
2025-06-22,4,2,50,30,27,287.189,0.103
2025-06-23,4,2,55,40,37,380.119,0.0829
2024-01-01,4,3,55,40,37,465.701,0.0711
2024-01-02,4,3,55,42,37,483.794,0.1199
2024-01-03,4,3,55,19,17,215.923,0.1114
2024-01-04,4,3,55,31,29,403.881,0.076
2024-01-05,4,3,55,32,29,234.589,0.1001
2024-01-06,4,3,50,35,32,448.996,0.0936
2024-01-07,4,3,50,25,22,280.063,0.1027
2024-01-08,4,3,55,34,31,470.84,0.0807
2024-01-09,4,3,55,28,26,424.779,0.0749
2024-01-10,4,3,55,32,30,479.232,0.0624
2024-01-11,4,3,55,35,32,428.929,0.0976
2024-01-12,4,3,55,37,34,395.944,0.0871
2024-01-13,4,3,50,40,36,451.373,0.0932
2024-01-14,4,3,50,30,27,402.874,0.1095
2024-01-15,4,3,55,36,35,449.894,0.0411
2024-01-16,4,3,55,40,37,541.7,0.0664
2024-01-17,4,3,55,32,31,430.677,0.0448
2024-01-18,4,3,55,32,29,374.913,0.0808
2024-01-19,4,3,55,30,28,521.073,0.0692
2024-01-20,4,3,50,27,25,326.04,0.0876
2024-01-21,4,3,50,34,30,387.045,0.1068
2024-01-22,4,3,55,43,37,504.617,0.1285
2024-01-23,4,3,55,52,49,720.886,0.0485
2024-01-24,4,3,55,33,29,408.706,0.1288
2024-01-25,4,3,55,33,30,464.07,0.0884
2024-01-26,4,3,55,33,31,443.623,0.0755
2024-01-27,4,3,50,31,30,419.519,0.0248
2024-01-28,4,3,50,23,21,310.397,0.0948
2024-01-29,4,3,55,37,33,497.759,0.095
2024-01-30,4,3,55,39,35,509.509,0.0949
2024-01-31,4,3,55,32,29,379.997,0.0969
2024-02-01,4,3,55,30,26,437.792,0.134
2024-02-02,4,3,55,33,31,420.261,0.0541
2024-02-03,4,3,50,35,32,546.975,0.0866
2024-02-04,4,3,50,28,26,376.576,0.0537
2024-02-05,4,3,55,33,30,403.882,0.0885
2024-02-06,4,3,55,34,28,479.839,0.1622
2024-02-07,4,3,55,30,28,540.511,0.0774
2024-02-08,4,3,55,27,24,357.622,0.0946
2024-02-09,4,3,55,44,39,562.509,0.1209
2024-02-10,4,3,50,27,25,320.165,0.0803
2024-02-11,4,3,50,44,43,574.185,0.0159
2024-02-12,4,3,55,38,37,484.889,0.0282
2024-02-13,4,3,55,43,39,555.329,0.0868
2024-02-14,4,3,55,21,18,248.813,0.1325
2024-02-15,4,3,55,38,36,388.092,0.0652
2024-02-16,4,3,55,32,30,458.576,0.0612
2024-02-17,4,3,50,26,25,341.295,0.0552
2024-02-18,4,3,50,27,25,366.368,0.0724
2024-02-19,4,3,55,45,40,522.094,0.1163
2024-02-20,4,3,55,38,34,567.328,0.0969
2024-02-21,4,3,55,44,40,543.716,0.0922
2024-02-22,4,3,55,41,36,573.288,0.1132
2024-02-23,4,3,55,33,31,379.937,0.0714
2024-02-24,4,3,50,32,29,516.648,0.0855
2024-02-25,4,3,50,31,27,425.95,0.1177
2024-02-26,4,3,55,39,36,629.473,0.0654
2024-02-27,4,3,55,47,44,629.085,0.064
2024-02-28,4,3,55,39,36,491.126,0.0703
2024-02-29,4,3,55,31,27,414.052,0.1388
2024-03-01,4,3,55,31,28,462.14,0.0958
2024-03-02,4,3,50,38,36,482.818,0.0569
2024-03-03,4,3,50,32,31,368.538,0.0233
2024-03-04,4,3,55,47,43,639.114,0.0772
2024-03-05,4,3,55,49,44,705.36,0.1113
2024-03-06,4,3,55,35,32,466.621,0.0915
2024-03-07,4,3,55,33,30,513.138,0.0832
2024-03-08,4,3,55,35,33,532.961,0.0561
2024-03-09,4,3,50,34,30,381.177,0.1089
2024-03-10,4,3,50,41,37,520.042,0.1035
2024-03-11,4,3,55,40,37,498.706,0.0716
2024-03-12,4,3,55,39,34,544.031,0.1261
2024-03-13,4,3,55,47,43,508.322,0.0846
2024-03-14,4,3,55,46,42,596.787,0.0801
2024-03-15,4,3,55,34,30,405.213,0.1058
2024-03-16,4,3,50,29,27,436.157,0.0834
2024-03-17,4,3,50,29,27,372.214,0.072
2024-03-18,4,3,55,34,30,452.739,0.117
2024-03-19,4,3,55,35,33,439.337,0.0641
2024-03-20,4,3,55,27,23,298.177,0.1356
2024-03-21,4,3,55,43,40,547.115,0.0715
2024-03-22,4,3,55,32,30,395.281,0.0577
2024-03-23,4,3,50,37,32,647.013,0.128
2024-03-24,4,3,50,43,38,719.052,0.112
2024-03-25,4,3,55,44,38,665.488,0.1279
2024-03-26,4,3,55,41,37,529.139,0.1
2024-03-27,4,3,55,34,31,414.876,0.0782
2024-03-28,4,3,55,28,27,344.524,0.0533
2024-03-29,4,3,55,45,42,653.798,0.0617
2024-03-30,4,3,50,37,34,537.848,0.0744
2024-03-31,4,3,50,36,33,489.073,0.0956
2024-04-01,4,3,55,56,51,685.092,0.0849
2024-04-02,4,3,55,46,43,617.843,0.0596
2024-04-03,4,3,55,34,31,508.764,0.0942
2024-04-04,4,3,55,41,37,673.524,0.0908
2024-04-05,4,3,55,44,39,586.302,0.1102
2024-04-06,4,3,50,46,42,663.377,0.0901
2024-04-07,4,3,50,24,22,277.068,0.0935
2024-04-08,4,3,55,51,47,647.522,0.0725
2024-04-09,4,3,55,43,38,614.914,0.1064
2024-04-10,4,3,55,37,33,554.685,0.1168
2024-04-11,4,3,55,31,28,469.97,0.1079
2024-04-12,4,3,55,40,35,595.705,0.1307
2024-04-13,4,3,50,31,28,349.943,0.0957
2024-04-14,4,3,50,34,32,479.423,0.0714
2024-04-15,4,3,55,48,44,524.104,0.0857
2024-04-16,4,3,55,40,37,450.864,0.0697
2024-04-17,4,3,55,44,40,592.352,0.1002
2024-04-18,4,3,55,33,31,470.218,0.0665
2024-04-19,4,3,55,41,38,492.982,0.0746
2024-04-20,4,3,50,34,31,401.652,0.0736
2024-04-21,4,3,50,40,38,588.985,0.0436
2024-04-22,4,3,55,32,29,434.644,0.0881
2024-04-23,4,3,55,47,43,545.023,0.0952
2024-04-24,4,3,55,43,40,581.101,0.0766
2024-04-25,4,3,55,38,34,576.47,0.095
2024-04-26,4,3,55,46,42,613.332,0.0828
2024-04-27,4,3,50,29,27,342.078,0.0674
2024-04-28,4,3,50,29,26,386.523,0.1073
2024-04-29,4,3,55,43,38,589.584,0.1277
2024-04-30,4,3,55,36,34,442.575,0.066
2024-05-01,4,3,55,35,31,452.639,0.1245
2024-05-02,4,3,55,22,20,296.548,0.0772
2024-05-03,4,3,55,44,41,663.926,0.0642
2024-05-04,4,3,50,46,43,629.263,0.0703
2024-05-05,4,3,50,29,26,374.63,0.1056
2024-05-06,4,3,55,34,31,470.431,0.0909
2024-05-07,4,3,55,43,40,613.393,0.0675
2024-05-08,4,3,55,41,37,647.043,0.1078
2024-05-09,4,3,55,43,38,686.85,0.1264
2024-05-10,4,3,55,29,26,427.248,0.0985
2024-05-11,4,3,50,30,26,328.785,0.1376
2024-05-12,4,3,50,30,28,395.392,0.0518
2024-05-13,4,3,55,36,32,470.631,0.1
2024-05-14,4,3,55,37,33,447.181,0.1084
2024-05-15,4,3,55,35,32,433.096,0.0752
2024-05-16,4,3,55,27,25,361.102,0.0571
2024-05-17,4,3,55,30,27,365.226,0.105
2024-05-18,4,3,50,26,24,334.814,0.0875
2024-05-19,4,3,50,27,23,277.949,0.1306
2024-05-20,4,3,55,45,41,566.064,0.0826
2024-05-21,4,3,55,44,37,631.597,0.1507
2024-05-22,4,3,55,35,33,468.69,0.0455
2024-05-23,4,3,55,37,34,530.304,0.0848
2024-05-24,4,3,55,29,27,430.342,0.085
2024-05-25,4,3,50,30,26,387.051,0.1228
2024-05-26,4,3,50,31,29,432.696,0.0803
2024-05-27,4,3,55,30,27,346.992,0.1092
2024-05-28,4,3,55,39,37,421.869,0.057
2024-05-29,4,3,55,29,26,374.313,0.1064
2024-05-30,4,3,55,27,24,300.238,0.0979
2024-05-31,4,3,55,36,35,505.004,0.0179
2024-06-01,4,3,50,33,30,468.824,0.0972
2024-06-02,4,3,50,37,33,415.298,0.1146
2024-06-03,4,3,55,26,24,363.155,0.0771
2024-06-04,4,3,55,34,31,445.008,0.0846
2024-06-05,4,3,55,31,28,329.043,0.1115
2024-06-06,4,3,55,31,28,421.176,0.0807
2024-06-07,4,3,55,28,26,442.725,0.0851
2024-06-08,4,3,50,35,32,462.176,0.085
2024-06-09,4,3,50,28,26,443.859,0.0812
2024-06-10,4,3,55,36,32,477.649,0.1022
2024-06-11,4,3,55,45,43,590.649,0.0361
2024-06-12,4,3,55,21,20,300.295,0.0626
2024-06-13,4,3,55,38,35,445.02,0.0919
2024-06-14,4,3,55,34,30,454.267,0.1251
2024-06-15,4,3,50,26,23,375.607,0.0984
2024-06-16,4,3,50,22,21,272.447,0.0438
2024-06-17,4,3,55,32,31,324.105,0.0454
2024-06-18,4,3,55,41,38,390.22,0.0673
2024-06-19,4,3,55,27,24,392.843,0.1128
2024-06-20,4,3,55,29,25,344.649,0.1243
2024-06-21,4,3,55,28,26,424.704,0.0809
2024-06-22,4,3,50,32,30,400.167,0.0748
2024-06-23,4,3,50,20,18,223.962,0.0877
2024-06-24,4,3,55,39,38,566.925,0.0346
2024-06-25,4,3,55,25,22,341.376,0.1354
2024-06-26,4,3,55,23,21,252.44,0.1037
2024-06-27,4,3,55,34,31,340.329,0.0829
2024-06-28,4,3,55,37,32,433.812,0.1415
2024-06-29,4,3,50,25,23,307.254,0.0779
2024-06-30,4,3,50,29,27,401.542,0.0801
2024-07-01,4,3,55,31,29,384.541,0.0643
2024-07-02,4,3,55,37,34,475.046,0.0686
2024-07-03,4,3,55,28,25,406.246,0.1025
2024-07-04,4,3,55,32,29,424.93,0.0782
2024-07-05,4,3,55,29,26,413.33,0.0881
2024-07-06,4,3,50,33,30,369.87,0.0992
2024-07-07,4,3,50,27,24,312.241,0.1002
2024-07-08,4,3,55,34,30,402.073,0.124
2024-07-09,4,3,55,33,31,390.369,0.0682
2024-07-10,4,3,55,26,23,338.465,0.1035
2024-07-11,4,3,55,24,22,291.117,0.0805
2024-07-12,4,3,55,27,25,298.744,0.0762
2024-07-13,4,3,50,20,18,256.383,0.0852
2024-07-14,4,3,50,24,23,357.83,0.0357
2024-07-15,4,3,55,31,28,384.676,0.083
2024-07-16,4,3,55,32,29,445.295,0.097
2024-07-17,4,3,55,34,31,480.909,0.0816
2024-07-18,4,3,55,27,25,332.199,0.0825
2024-07-19,4,3,55,22,20,262.603,0.1051
2024-07-20,4,3,50,34,31,324.915,0.0779
2024-07-21,4,3,50,32,29,463.678,0.0879
2024-07-22,4,3,55,34,32,380.5,0.0656
2024-07-23,4,3,55,29,26,364.689,0.1072
2024-07-24,4,3,55,27,25,313.981,0.0699
2024-07-25,4,3,55,26,24,300.691,0.0905
2024-07-26,4,3,55,32,28,410.747,0.1126
2024-07-27,4,3,50,29,25,393.328,0.1444
2024-07-28,4,3,50,27,24,443.584,0.1093
2024-07-29,4,3,55,33,31,401.774,0.0698
2024-07-30,4,3,55,31,29,434.46,0.0644
2024-07-31,4,3,55,27,26,412.537,0.0526
2024-08-01,4,3,55,22,21,283.314,0.0467
2024-08-02,4,3,55,34,33,388.062,0.0361
2024-08-03,4,3,50,32,28,431.519,0.1402
2024-08-04,4,3,50,29,26,399.467,0.0869
2024-08-05,4,3,55,32,29,435.496,0.1052
2024-08-06,4,3,55,31,29,448.943,0.0742
2024-08-07,4,3,55,15,13,188.93,0.105
2024-08-08,4,3,55,29,27,307.309,0.0753
2024-08-09,4,3,55,36,32,535.162,0.1132
2024-08-10,4,3,50,33,31,392.079,0.0704
2024-08-11,4,3,50,21,19,298.439,0.0947
2024-08-12,4,3,55,31,28,498.922,0.092
2024-08-13,4,3,55,26,23,380.407,0.104
2024-08-14,4,3,55,27,24,386.004,0.1261
2024-08-15,4,3,55,26,23,333.927,0.1254
2024-08-16,4,3,55,24,22,233.444,0.0709
2024-08-17,4,3,50,21,19,299.636,0.0901
2024-08-18,4,3,50,14,12,202.446,0.1089
2024-08-19,4,3,55,24,22,275.961,0.1
2024-08-20,4,3,55,21,19,240.269,0.0798
2024-08-21,4,3,55,21,19,277.313,0.0966
2024-08-22,4,3,55,26,25,349.149,0.0546
2024-08-23,4,3,55,29,26,270.53,0.0954
2024-08-24,4,3,50,19,18,232.92,0.0624
2024-08-25,4,3,50,20,18,256.993,0.1051
2024-08-26,4,3,55,26,23,321.658,0.1209
2024-08-27,4,3,55,29,26,339.154,0.0983
2024-08-28,4,3,55,28,25,357.342,0.1196
2024-08-29,4,3,55,25,22,308.924,0.1138
2024-08-30,4,3,55,26,24,411.005,0.0927
2024-08-31,4,3,50,27,25,393.322,0.0583
2024-09-01,4,3,50,25,23,387.466,0.081
2024-09-02,4,3,55,30,28,381.821,0.0682
2024-09-03,4,3,55,24,22,290.694,0.0885
2024-09-04,4,3,55,18,16,247.265,0.1114
2024-09-05,4,3,55,29,27,349.748,0.0767
2024-09-06,4,3,55,29,27,363.524,0.0747
2024-09-07,4,3,50,18,16,218.07,0.0908
2024-09-08,4,3,50,21,18,207.669,0.1393
2024-09-09,4,3,55,33,30,410.501,0.091
2024-09-10,4,3,55,31,28,411.255,0.0995
2024-09-11,4,3,55,32,28,391.573,0.1113
2024-09-12,4,3,55,23,20,297.098,0.116
2024-09-13,4,3,55,20,19,219.065,0.0604
2024-09-14,4,3,50,35,33,457.868,0.0564
2024-09-15,4,3,50,26,24,330.367,0.0749
2024-09-16,4,3,55,24,22,294.446,0.0987
2024-09-17,4,3,55,25,23,307.66,0.0905
2024-09-18,4,3,55,24,22,328.789,0.1026
2024-09-19,4,3,55,29,28,399.22,0.0444
2024-09-20,4,3,55,32,29,447.137,0.0884
2024-09-21,4,3,50,26,24,280.847,0.0847
2024-09-22,4,3,50,23,21,315.475,0.0772
2024-09-23,4,3,55,21,19,309.355,0.1091
2024-09-24,4,3,55,26,24,340.254,0.0829
2024-09-25,4,3,55,30,27,384.338,0.097
2024-09-26,4,3,55,28,26,386.642,0.0796
2024-09-27,4,3,55,19,18,261.45,0.0739
2024-09-28,4,3,50,20,18,285.904,0.1116
2024-09-29,4,3,50,29,27,453.685,0.0717
2024-09-30,4,3,55,24,22,332.954,0.0684
2024-10-01,4,3,55,39,34,535.564,0.1178
2024-10-02,4,3,55,22,21,273.253,0.0506
2024-10-03,4,3,55,26,25,333.155,0.05
2024-10-04,4,3,55,22,20,255.836,0.0692
2024-10-05,4,3,50,22,19,284.492,0.1242
2024-10-06,4,3,50,27,24,286.875,0.0933
2024-10-07,4,3,55,24,21,305.115,0.1311
2024-10-08,4,3,55,33,31,518.289,0.0734
2024-10-09,4,3,55,31,28,423.807,0.1122
2024-10-10,4,3,55,35,31,525.159,0.1014
2024-10-11,4,3,55,25,22,387.196,0.1218
2024-10-12,4,3,50,19,17,267.673,0.1151
2024-10-13,4,3,50,30,27,393.567,0.0987
2024-10-14,4,3,55,34,30,431.638,0.1126
2024-10-15,4,3,55,25,23,325.369,0.0654
2024-10-16,4,3,55,29,25,412.297,0.1288
2024-10-17,4,3,55,30,27,408.065,0.1065
2024-10-18,4,3,55,26,24,309.774,0.0863
2024-10-19,4,3,50,25,23,295.752,0.0848
2024-10-20,4,3,50,28,26,361.625,0.0549
2024-10-21,4,3,55,26,24,414.415,0.0868
2024-10-22,4,3,55,23,22,286.283,0.0363
2024-10-23,4,3,55,30,28,419.968,0.0746
2024-10-24,4,3,55,17,15,198.65,0.1105
2024-10-25,4,3,55,27,25,336.141,0.0634
2024-10-26,4,3,50,20,18,252.277,0.1138
2024-10-27,4,3,50,13,12,179.691,0.1152
2024-10-28,4,3,55,36,32,492.341,0.1021
2024-10-29,4,3,55,21,19,338.204,0.089
2024-10-30,4,3,55,24,23,264.744,0.0504
2024-10-31,4,3,55,38,36,430.669,0.0615
2024-11-01,4,3,55,21,19,266.78,0.1005
2024-11-02,4,3,50,32,30,313.489,0.0479
2024-11-03,4,3,50,32,30,470.75,0.0762
2024-11-04,4,3,55,34,32,411.942,0.0575
2024-11-05,4,3,55,27,24,354.45,0.105
2024-11-06,4,3,55,33,30,363.1,0.1
2024-11-07,4,3,55,30,27,314.878,0.0948
2024-11-08,4,3,55,29,26,379.454,0.1045
2024-11-09,4,3,50,29,27,392.34,0.0689
2024-11-10,4,3,50,22,20,302.793,0.0776
2024-11-11,4,3,55,33,30,433.536,0.0893
2024-11-12,4,3,55,27,25,384.684,0.059
2024-11-13,4,3,55,36,34,418.764,0.0576
2024-11-14,4,3,55,20,18,257.893,0.1076
2024-11-15,4,3,55,28,25,408.801,0.0991
2024-11-16,4,3,50,27,24,301.751,0.123
2024-11-17,4,3,50,25,24,339.077,0.0591
2024-11-18,4,3,55,32,29,405.834,0.1077
2024-11-19,4,3,55,33,30,441.829,0.0855
2024-11-20,4,3,55,30,26,419.308,0.1263
2024-11-21,4,3,55,36,34,555.64,0.0575
2024-11-22,4,3,55,33,32,479.265,0.0214
2024-11-23,4,3,50,25,22,331.454,0.1073
2024-11-24,4,3,50,31,29,427.208,0.0486
2024-11-25,4,3,55,33,30,389.331,0.0968
2024-11-26,4,3,55,34,31,409.225,0.0754
2024-11-27,4,3,55,22,21,272.769,0.0669
2024-11-28,4,3,55,28,25,341.704,0.1202
2024-11-29,4,3,55,25,23,359.593,0.0791
2024-11-30,4,3,50,22,20,294.751,0.0802
2024-12-01,4,3,50,28,25,392.597,0.0912
2024-12-02,4,3,55,37,33,455.448,0.1087
2024-12-03,4,3,55,31,27,341.173,0.1277
2024-12-04,4,3,55,25,22,257.672,0.1315
2024-12-05,4,3,55,29,27,307.873,0.0857
2024-12-06,4,3,55,22,20,255.888,0.0816
2024-12-07,4,3,50,29,27,447.809,0.0701
2024-12-08,4,3,50,23,22,301.352,0.0583
2024-12-09,4,3,55,22,20,239.91,0.0975
2024-12-10,4,3,55,25,21,373.758,0.1419
2024-12-11,4,3,55,32,29,402.368,0.0973
2024-12-12,4,3,55,31,30,420.085,0.0448
2024-12-13,4,3,55,27,25,318.31,0.0633
2024-12-14,4,3,50,29,27,385.01,0.0641
2024-12-15,4,3,50,30,26,327.508,0.1341
2024-12-16,4,3,55,33,30,502.424,0.076
2024-12-17,4,3,55,33,31,509.149,0.0738
2024-12-18,4,3,55,32,29,352.89,0.0939
2024-12-19,4,3,55,28,25,400.628,0.1109
2024-12-20,4,3,55,33,29,420.014,0.1066
2024-12-21,4,3,50,27,25,295.391,0.0711
2024-12-22,4,3,50,25,22,360.768,0.1002
2024-12-23,4,3,55,32,28,413.036,0.1153
2024-12-24,4,3,55,40,37,641.274,0.0822
2024-12-25,4,3,55,33,30,445.988,0.0965
2024-12-26,4,3,55,35,33,379.635,0.071
2024-12-27,4,3,55,30,28,380.183,0.056
2024-12-28,4,3,50,26,24,352.234,0.0847
2024-12-29,4,3,50,36,33,513.256,0.0955
2024-12-30,4,3,55,34,31,472.452,0.0795
2024-12-31,4,3,55,32,28,318.009,0.1094
2025-01-01,4,3,55,33,31,446.834,0.0753
2025-01-02,4,3,55,23,21,320.47,0.0682
2025-01-03,4,3,55,32,29,421.914,0.0942
2025-01-04,4,3,50,34,32,460.54,0.0711
2025-01-05,4,3,50,26,25,321.962,0.05
2025-01-06,4,3,55,34,31,453.283,0.0846
2025-01-07,4,3,55,40,35,558.601,0.1166
2025-01-08,4,3,55,25,23,330.411,0.0817
2025-01-09,4,3,55,23,20,320.325,0.1123
2025-01-10,4,3,55,33,30,460.347,0.0888
2025-01-11,4,3,50,34,32,570.723,0.0495
2025-01-12,4,3,50,31,28,498.559,0.0918
2025-01-13,4,3,55,30,27,392.121,0.0911
2025-01-14,4,3,55,35,32,523.822,0.0963
2025-01-15,4,3,55,29,25,408.601,0.1348
2025-01-16,4,3,55,26,24,327.156,0.0888
2025-01-17,4,3,55,29,27,361.015,0.0661
2025-01-18,4,3,50,25,23,380.453,0.0731
2025-01-19,4,3,50,25,22,386.899,0.1214
2025-01-20,4,3,55,30,28,361.544,0.0652
2025-01-21,4,3,55,40,37,588.681,0.0679
2025-01-22,4,3,55,25,23,348.625,0.0629
2025-01-23,4,3,55,32,29,455.36,0.1001
2025-01-24,4,3,55,29,27,363.232,0.086
2025-01-25,4,3,50,36,33,458.604,0.0789
2025-01-26,4,3,50,30,29,408.365,0.0428
2025-01-27,4,3,55,28,25,333.095,0.0921
2025-01-28,4,3,55,32,28,524.094,0.1112
2025-01-29,4,3,55,29,27,391.305,0.0767
2025-01-30,4,3,55,28,24,424.08,0.1293
2025-01-31,4,3,55,43,41,559.45,0.0534
2025-02-01,4,3,50,45,42,691.83,0.0665
2025-02-02,4,3,50,30,26,478.973,0.1391
2025-02-03,4,3,55,34,31,426.338,0.084
2025-02-04,4,3,55,42,38,595.642,0.1035
2025-02-05,4,3,55,22,18,326.463,0.1913
2025-02-06,4,3,55,29,27,409.254,0.0844
2025-02-07,4,3,55,39,35,594.323,0.1095
2025-02-08,4,3,50,42,38,561.518,0.0878
2025-02-09,4,3,50,33,30,339.79,0.106
2025-02-10,4,3,55,35,32,513.184,0.0901
2025-02-11,4,3,55,45,41,568.354,0.0875
2025-02-12,4,3,55,32,29,467.003,0.0924
2025-02-13,4,3,55,34,31,464.084,0.092
2025-02-14,4,3,55,40,36,522.617,0.0949
2025-02-15,4,3,50,38,36,607.321,0.0623
2025-02-16,4,3,50,29,26,356.808,0.1022
2025-02-17,4,3,55,33,30,571.977,0.0824
2025-02-18,4,3,55,29,25,367.21,0.1312
2025-02-19,4,3,55,40,36,601.763,0.1041
2025-02-20,4,3,55,34,31,529.243,0.1007
2025-02-21,4,3,55,31,29,483.762,0.0548
2025-02-22,4,3,50,40,37,563.038,0.0789
2025-02-23,4,3,50,37,32,538.503,0.1326
2025-02-24,4,3,55,44,39,626.515,0.1043
2025-02-25,4,3,55,44,42,514.709,0.0507
2025-02-26,4,3,55,33,32,410.245,0.0425
2025-02-27,4,3,55,35,32,406.476,0.0776
2025-02-28,4,3,55,37,33,458.961,0.1079
2025-03-01,4,3,50,31,30,428.745,0.0449
2025-03-02,4,3,50,24,22,302.315,0.0839
2025-03-03,4,3,55,40,37,604.326,0.0806
2025-03-04,4,3,55,36,32,445.756,0.1176
2025-03-05,4,3,55,45,43,510.794,0.0511
2025-03-06,4,3,55,28,25,423.848,0.1094
2025-03-07,4,3,55,26,24,430.671,0.0772
2025-03-08,4,3,50,43,40,567.081,0.0659
2025-03-09,4,3,50,37,33,462.47,0.1072
2025-03-10,4,3,55,43,39,522.365,0.0884
2025-03-11,4,3,55,45,40,588.334,0.1091
2025-03-12,4,3,55,32,30,430.257,0.054
2025-03-13,4,3,55,37,33,471.614,0.0948
2025-03-14,4,3,55,35,32,479.064,0.0786
2025-03-15,4,3,50,36,32,422.1,0.1183
2025-03-16,4,3,50,30,28,337.462,0.0793
2025-03-17,4,3,55,47,45,551.996,0.0488
2025-03-18,4,3,55,47,42,591.644,0.109
2025-03-19,4,3,55,33,30,341.112,0.0942
2025-03-20,4,3,55,38,35,481.305,0.0907
2025-03-21,4,3,55,36,33,486.345,0.0964
2025-03-22,4,3,50,46,41,628.411,0.1013
2025-03-23,4,3,50,42,39,524.879,0.0629
2025-03-24,4,3,55,45,42,469.124,0.0634
2025-03-25,4,3,55,48,47,527.249,0.0191
2025-03-26,4,3,55,31,28,409.249,0.0968
2025-03-27,4,3,55,46,42,545.079,0.0873
2025-03-28,4,3,55,46,41,658.111,0.1147
2025-03-29,4,3,50,28,26,390.714,0.0771
2025-03-30,4,3,50,29,26,384.555,0.1074
2025-03-31,4,3,55,42,39,431.343,0.0671
2025-04-01,4,3,55,38,34,630.926,0.0947
2025-04-02,4,3,55,34,31,292.154,0.0794
2025-04-03,4,3,55,28,24,329.918,0.1269
2025-04-04,4,3,55,28,25,387.222,0.1118
2025-04-05,4,3,50,35,32,504.994,0.0924
2025-04-06,4,3,50,23,21,297.215,0.0799
2025-04-07,4,3,55,35,33,455.627,0.0506
2025-04-08,4,3,55,43,39,662.262,0.0939
2025-04-09,4,3,55,44,40,546.234,0.0904
2025-04-10,4,3,55,38,35,572.97,0.0662
2025-04-11,4,3,55,32,30,400.994,0.0776
2025-04-12,4,3,50,31,28,433.825,0.0838
2025-04-13,4,3,50,34,30,484.855,0.1122
2025-04-14,4,3,55,36,34,403.037,0.0584
2025-04-15,4,3,55,42,39,628.55,0.0829
2025-04-16,4,3,55,44,41,630.662,0.0771
2025-04-17,4,3,55,40,36,562.41,0.0915
2025-04-18,4,3,55,41,38,526.21,0.0674
2025-04-19,4,3,50,39,36,548.986,0.0714
2025-04-20,4,3,50,33,31,465.057,0.0692
2025-04-21,4,3,55,39,37,492.572,0.0593
2025-04-22,4,3,55,41,37,466.614,0.0913
2025-04-23,4,3,55,39,36,462.842,0.0765
2025-04-24,4,3,55,30,30,441.851,0.01
2025-04-25,4,3,55,25,23,350.977,0.0854
2025-04-26,4,3,50,29,26,339.912,0.1133
2025-04-27,4,3,50,44,37,625.103,0.149
2025-04-28,4,3,55,32,29,471.655,0.0818
2025-04-29,4,3,55,42,38,582.275,0.0874
2025-04-30,4,3,55,36,32,461.608,0.1145
2025-05-01,4,3,55,41,36,562.858,0.1334
2025-05-02,4,3,55,37,34,456.374,0.0946
2025-05-03,4,3,50,40,37,555.145,0.087
2025-05-04,4,3,50,29,26,395.368,0.0886
2025-05-05,4,3,55,32,29,386.201,0.0948
2025-05-06,4,3,55,41,37,562.276,0.1058
2025-05-07,4,3,55,32,29,355.245,0.0845
2025-05-08,4,3,55,33,29,319.691,0.1086
2025-05-09,4,3,55,41,37,578.182,0.0965
2025-05-10,4,3,50,39,35,628.898,0.1019
2025-05-11,4,3,50,24,22,314.913,0.0708
2025-05-12,4,3,55,40,36,496.423,0.0926
2025-05-13,4,3,55,42,38,541.021,0.1048
2025-05-14,4,3,55,39,36,511.625,0.076
2025-05-15,4,3,55,42,38,533.253,0.0853
2025-05-16,4,3,55,33,30,458.883,0.0868
2025-05-17,4,3,50,34,32,425.251,0.0732
2025-05-18,4,3,50,34,32,473.451,0.0611
2025-05-19,4,3,55,47,43,546.664,0.0832
2025-05-20,4,3,55,24,22,310.495,0.0943
2025-05-21,4,3,55,32,30,465.122,0.078
2025-05-22,4,3,55,48,44,750.237,0.08
2025-05-23,4,3,55,39,35,536.092,0.0939
2025-05-24,4,3,50,26,25,331.14,0.0537
2025-05-25,4,3,50,41,38,521.758,0.081
2025-05-26,4,3,55,33,31,414.364,0.0597
2025-05-27,4,3,55,38,34,575.515,0.0977
2025-05-28,4,3,55,34,30,427.255,0.1055
2025-05-29,4,3,55,26,25,333.082,0.0297
2025-05-30,4,3,55,37,35,526.868,0.0563
2025-05-31,4,3,50,29,27,404.916,0.0666
2025-06-01,4,3,50,36,32,412.493,0.1028
2025-06-02,4,3,55,42,37,533.346,0.1162
2025-06-03,4,3,55,36,34,444.364,0.0546
2025-06-04,4,3,55,29,27,405.564,0.0841
2025-06-05,4,3,55,36,32,508.914,0.1026
2025-06-06,4,3,55,35,32,459.236,0.0952
2025-06-07,4,3,50,30,27,437.468,0.0843
2025-06-08,4,3,50,33,31,343.844,0.0668
2025-06-09,4,3,55,46,41,594.397,0.1043
2025-06-10,4,3,55,37,32,480.287,0.1293
2025-06-11,4,3,55,31,28,465.479,0.0974
2025-06-12,4,3,55,35,31,364.509,0.1065
2025-06-13,4,3,55,34,32,450.772,0.0546
2025-06-14,4,3,50,33,31,433.809,0.0734
2025-06-15,4,3,50,20,18,237.8,0.0851
2025-06-16,4,3,55,35,31,394.213,0.1092
2025-06-17,4,3,55,32,29,367.759,0.1091
2025-06-18,4,3,55,26,24,334.022,0.0783
2025-06-19,4,3,55,36,32,420.709,0.0978
2025-06-20,4,3,55,36,34,591.786,0.0529
2025-06-21,4,3,50,30,27,435.671,0.1028
2025-06-22,4,3,50,30,26,434.278,0.1327
2025-06-23,4,3,55,32,28,430.26,0.1373
